CustomerID,CustomerName,PrimaryContactPersonID,PhoneNumber,WebsiteURL,DeliveryAddressLine1,DeliveryAddressLine2
1,Tailspin Toys (Head Office),1001,(308) 555-0100,http://www.tailspintoys.com,Shop 38,1877 Mittal Road
2,"Tailspin Toys (Sylvanite, MT)",1003,(406) 555-0100,http://www.tailspintoys.com/Sylvanite,Shop 245,705 Dita Lane
3,"Tailspin Toys (Peeples Valley, AZ)",1005,(480) 555-0100,http://www.tailspintoys.com/PeeplesValley,Unit 217,1970 Khandke Road
4,"Tailspin Toys (Medicine Lodge, KS)",1007,(316) 555-0100,http://www.tailspintoys.com/MedicineLodge,Suite 164,967 Riutta Boulevard
5,"Tailspin Toys (Gasport, NY)",1009,(212) 555-0100,http://www.tailspintoys.com/Gasport,Unit 176,1674 Skujins Boulevard
6,"Tailspin Toys (Jessie, ND)",1011,(701) 555-0100,http://www.tailspintoys.com/Jessie,Shop 196,483 Raut Lane
7,"Tailspin Toys (Frankewing, TN)",1013,(423) 555-0100,http://www.tailspintoys.com/Frankewing,Shop 27,904 Kellnerova Street
8,"Tailspin Toys (Bow Mar, CO)",1015,(303) 555-0100,http://www.tailspintoys.com/BowMar,Shop 282,752 Shaker Doust Boulevard
9,"Tailspin Toys (Netcong, NJ)",1017,(201) 555-0100,http://www.tailspintoys.com/Netcong,Shop 33,25 Kasesalu Street
10,"Tailspin Toys (Wimbledon, ND)",1019,(701) 555-0100,http://www.tailspintoys.com/Wimbledon,Unit 67,372 Joo Lane
11,"Tailspin Toys (Devault, PA)",1021,(215) 555-0100,http://www.tailspintoys.com/Devault,Unit 250,1432 Pullela Street
12,"Tailspin Toys (Biscay, MN)",1023,(218) 555-0100,http://www.tailspintoys.com/Biscay,Suite 67,413 Keskkula Lane
13,"Tailspin Toys (Stonefort, IL)",1025,(217) 555-0100,http://www.tailspintoys.com/Stonefort,Suite 185,1492 Shah Road
14,"Tailspin Toys (Long Meadow, MD)",1027,(240) 555-0100,http://www.tailspintoys.com/LongMeadow,Unit 221,151 Vasiljevic Road
15,"Tailspin Toys (Batson, TX)",1029,(210) 555-0100,http://www.tailspintoys.com/Batson,Shop 124,671 Mudigonda Boulevard
16,"Tailspin Toys (Coney Island, MO)",1031,(314) 555-0100,http://www.tailspintoys.com/ConeyIsland,Suite 111,27 Vidovic Boulevard
17,"Tailspin Toys (East Fultonham, OH)",1033,(216) 555-0100,http://www.tailspintoys.com/EastFultonham,Unit 278,224 Hinojosa Road
18,"Tailspin Toys (Goffstown, NH)",1035,(603) 555-0100,http://www.tailspintoys.com/Goffstown,Unit 166,1822 Gruber Lane
19,"Tailspin Toys (Lemeta, AK)",1037,(907) 555-0100,http://www.tailspintoys.com/Lemeta,Unit 174,1507 Izmaylov Crescent
20,"Tailspin Toys (College Place, WA)",1039,(206) 555-0100,http://www.tailspintoys.com/CollegePlace,Shop 151,1536 Bhutia Avenue
21,"Tailspin Toys (Tresckow, PA)",1041,(215) 555-0100,http://www.tailspintoys.com/Tresckow,Shop 147,640 Chakraborty Street
22,"Tailspin Toys (Ward Ridge, FL)",1043,(239) 555-0100,http://www.tailspintoys.com/WardRidge,Shop 26,73 Berg Crescent
23,"Tailspin Toys (Ikatan, AK)",1045,(907) 555-0100,http://www.tailspintoys.com/Ikatan,Unit 300,1467 Chang Lane
24,"Tailspin Toys (Dundarrach, NC)",1047,(252) 555-0100,http://www.tailspintoys.com/Dundarrach,Shop 181,818 Paulet Avenue
25,"Tailspin Toys (Avenal, CA)",1049,(209) 555-0100,http://www.tailspintoys.com/Avenal,Shop 37,1143 Caune Crescent
26,"Tailspin Toys (Hedrick, IA)",1051,(319) 555-0100,http://www.tailspintoys.com/Hedrick,Shop 119,1022 Folliero Street
27,"Tailspin Toys (Bowlus, MN)",1053,(218) 555-0100,http://www.tailspintoys.com/Bowlus,Shop 13,575 Pandit Crescent
28,"Tailspin Toys (North Ridge, NY)",1055,(212) 555-0100,http://www.tailspintoys.com/NorthRidge,Unit 40,890 Hlouskova Avenue
29,"Tailspin Toys (Eulaton, AL)",1057,(205) 555-0100,http://www.tailspintoys.com/Eulaton,Shop 16,1606 Ahmadian Road
30,"Tailspin Toys (Koontzville, WA)",1059,(206) 555-0100,http://www.tailspintoys.com/Koontzville,Suite 144,1907 Naicker Boulevard
31,"Tailspin Toys (Lake Stevens, WA)",1061,(206) 555-0100,http://www.tailspintoys.com/LakeStevens,Shop 238,1584 Hadrabova Street
32,"Tailspin Toys (Maypearl, TX)",1063,(210) 555-0100,http://www.tailspintoys.com/Maypearl,Suite 157,1119 Friar Boulevard
33,"Tailspin Toys (Boyden Arbor, SC)",1065,(803) 555-0100,http://www.tailspintoys.com/BoydenArbor,Shop 151,799 Karnik Boulevard
34,"Tailspin Toys (Dallardsville, TX)",1067,(210) 555-0100,http://www.tailspintoys.com/Dallardsville,Unit 103,1734 Jovicevic Crescent
35,"Tailspin Toys (Slanesville, WV)",1069,(304) 555-0100,http://www.tailspintoys.com/Slanesville,Suite 150,1959 Sarma Road
36,"Tailspin Toys (Ekron, KY)",1071,(270) 555-0100,http://www.tailspintoys.com/Ekron,Shop 2,155 Goransson Lane
37,"Tailspin Toys (Kerby, OR)",1073,(458) 555-0100,http://www.tailspintoys.com/Kerby,Unit 16,339 Dwivedi Lane
38,"Tailspin Toys (Airport Drive, MO)",1075,(314) 555-0100,http://www.tailspintoys.com/AirportDrive,Unit 115,232 Abbasi Avenue
39,"Tailspin Toys (Diablock, KY)",1077,(270) 555-0100,http://www.tailspintoys.com/Diablock,Shop 240,282 Barajas Street
40,"Tailspin Toys (Impact, TX)",1079,(210) 555-0100,http://www.tailspintoys.com/Impact,Unit 249,760 Trung Crescent
41,"Tailspin Toys (Olivette, MO)",1081,(314) 555-0100,http://www.tailspintoys.com/Olivette,Suite 262,1638 Couet Street
42,"Tailspin Toys (Arietta, NY)",1083,(212) 555-0100,http://www.tailspintoys.com/Arietta,Unit 61,474 Tran Lane
43,"Tailspin Toys (Upper Preston, WA)",1085,(206) 555-0100,http://www.tailspintoys.com/UpperPreston,Suite 105,980 Preda Crescent
44,"Tailspin Toys (Amanda Park, WA)",1087,(206) 555-0100,http://www.tailspintoys.com/AmandaPark,Unit 117,254 Celmina Street
45,"Tailspin Toys (Severna Park, MD)",1089,(240) 555-0100,http://www.tailspintoys.com/SevernaPark,Shop 214,384 Ang Road
46,"Tailspin Toys (Jemison, AL)",1091,(205) 555-0100,http://www.tailspintoys.com/Jemison,Suite 31,589 Sagese Lane
47,"Tailspin Toys (Lake Hughes, CA)",1093,(209) 555-0100,http://www.tailspintoys.com/LakeHughes,Unit 91,1371 Saarijarvi Avenue
48,"Tailspin Toys (Trentwood, WA)",1095,(206) 555-0100,http://www.tailspintoys.com/Trentwood,Shop 40,197 Jaramillo Street
49,"Tailspin Toys (Muir, MI)",1097,(231) 555-0100,http://www.tailspintoys.com/Muir,Shop 37,1148 Khalsa Boulevard
50,"Tailspin Toys (Hambleton, WV)",1099,(304) 555-0100,http://www.tailspintoys.com/Hambleton,Unit 257,1715 Samaniego Street
51,"Tailspin Toys (Imlaystown, NJ)",1101,(201) 555-0100,http://www.tailspintoys.com/Imlaystown,Suite 12,1305 Kaleja Street
52,"Tailspin Toys (Idria, CA)",1103,(209) 555-0100,http://www.tailspintoys.com/Idria,Shop 99,1189 Malakar Road
53,"Tailspin Toys (Nanafalia, AL)",1105,(205) 555-0100,http://www.tailspintoys.com/Nanafalia,Suite 217,1729 Dey Road
54,"Tailspin Toys (Railroad, PA)",1107,(215) 555-0100,http://www.tailspintoys.com/Railroad,Suite 158,1032 Duperre Street
55,"Tailspin Toys (Gum Branch, GA)",1109,(229) 555-0100,http://www.tailspintoys.com/GumBranch,Suite 220,1500 Utjesenovic Lane
56,"Tailspin Toys (Royal City, WA)",1111,(206) 555-0100,http://www.tailspintoys.com/RoyalCity,Shop 20,1098 Tatarescu Lane
57,"Tailspin Toys (Lakemore, OH)",1113,(216) 555-0100,http://www.tailspintoys.com/Lakemore,Unit 136,1331 Dutta Crescent
58,"Tailspin Toys (Mappsburg, VA)",1115,(276) 555-0100,http://www.tailspintoys.com/Mappsburg,Shop 177,1736 Han Avenue
59,"Tailspin Toys (Edgartown, MA)",1117,(339) 555-0100,http://www.tailspintoys.com/Edgartown,Suite 157,659 Hybl Boulevard
60,"Tailspin Toys (East Dailey, WV)",1119,(304) 555-0100,http://www.tailspintoys.com/EastDailey,Unit 188,838 Lucescu Street
61,"Tailspin Toys (Fairfield Glade, TN)",1121,(423) 555-0100,http://www.tailspintoys.com/FairfieldGlade,Shop 233,1695 Hudecova Avenue
62,"Tailspin Toys (Great Neck Estates, NY)",1123,(212) 555-0100,http://www.tailspintoys.com/GreatNeckEstates,Shop 263,551 Enestam Crescent
63,"Tailspin Toys (Stallion Springs, CA)",1125,(209) 555-0100,http://www.tailspintoys.com/StallionSprings,Unit 175,1199 Cerkez Street
64,"Tailspin Toys (Hodgdon, ME)",1127,(207) 555-0100,http://www.tailspintoys.com/Hodgdon,Shop 133,967 Alizadeh Boulevard
65,"Tailspin Toys (North Cowden, TX)",1129,(210) 555-0100,http://www.tailspintoys.com/NorthCowden,Suite 18,402 Nan Road
66,"Tailspin Toys (Madaket, MA)",1131,(339) 555-0100,http://www.tailspintoys.com/Madaket,Suite 2,1052 Hoa Lane
67,"Tailspin Toys (Sentinel Butte, ND)",1133,(701) 555-0100,http://www.tailspintoys.com/SentinelButte,Unit 18,1240 Utjesenovic Street
68,"Tailspin Toys (Gardere, LA)",1135,(225) 555-0100,http://www.tailspintoys.com/Gardere,Unit 72,1195 Rozitis Road
69,"Tailspin Toys (Lytle Creek, CA)",1137,(209) 555-0100,http://www.tailspintoys.com/LytleCreek,Unit 134,1204 Grgic Lane
70,"Tailspin Toys (New Baden, IL)",1139,(217) 555-0100,http://www.tailspintoys.com/NewBaden,Unit 7,98 Cetinkaya Street
71,"Tailspin Toys (Good Hart, MI)",1141,(231) 555-0100,http://www.tailspintoys.com/GoodHart,Shop 80,2001 Rajanala Road
72,"Tailspin Toys (Cortaro, AZ)",1143,(480) 555-0100,http://www.tailspintoys.com/Cortaro,Suite 231,1809 Ioveanu Lane
73,"Tailspin Toys (Cokato, MN)",1145,(218) 555-0100,http://www.tailspintoys.com/Cokato,Shop 194,591 Avotina Road
74,"Tailspin Toys (Indios, PR)",1147,(787) 555-0100,http://www.tailspintoys.com/Indios,Unit 50,519 Jogi Street
75,"Tailspin Toys (Windsor Locks, CT)",1149,(203) 555-0100,http://www.tailspintoys.com/WindsorLocks,Unit 276,605 Prieditis Lane
76,"Tailspin Toys (Yewed, OK)",1151,(405) 555-0100,http://www.tailspintoys.com/Yewed,Unit 266,210 safranek Lane
77,"Tailspin Toys (Hahira, GA)",1153,(229) 555-0100,http://www.tailspintoys.com/Hahira,Unit 176,1675 Ribeiro Street
78,"Tailspin Toys (Sekiu, WA)",1155,(206) 555-0100,http://www.tailspintoys.com/Sekiu,Suite 54,1302 Jaunzems Lane
79,"Tailspin Toys (Page City, KS)",1157,(316) 555-0100,http://www.tailspintoys.com/PageCity,Suite 4,1000 Sykorova Boulevard
80,"Tailspin Toys (Valdese, NC)",1159,(252) 555-0100,http://www.tailspintoys.com/Valdese,Suite 127,199 Das Street
81,"Tailspin Toys (Big Moose, NY)",1161,(212) 555-0100,http://www.tailspintoys.com/BigMoose,Suite 157,274 Poddar Lane
82,"Tailspin Toys (La Cueva, NM)",1163,(505) 555-0100,http://www.tailspintoys.com/LaCueva,Suite 166,1708 Ankitham Street
83,"Tailspin Toys (Absecon, NJ)",1165,(201) 555-0100,http://www.tailspintoys.com/Absecon,Unit 148,1161 Chang Lane
84,"Tailspin Toys (Aceitunas, PR)",1167,(787) 555-0100,http://www.tailspintoys.com/Aceitunas,Suite 243,328 Bhat Street
85,"Tailspin Toys (Andrix, CO)",1169,(303) 555-0100,http://www.tailspintoys.com/Andrix,Shop 173,1155 Antunes Crescent
86,"Tailspin Toys (New Lexington, OH)",1171,(216) 555-0100,http://www.tailspintoys.com/NewLexington,Unit 102,902 Ganguly Street
87,"Tailspin Toys (Sauquoit, NY)",1173,(212) 555-0100,http://www.tailspintoys.com/Sauquoit,Shop 282,1484 Wintle Lane
88,"Tailspin Toys (Dracut, MA)",1175,(339) 555-0100,http://www.tailspintoys.com/Dracut,Shop 226,609 Sidhu Crescent
89,"Tailspin Toys (Victory Gardens, NJ)",1177,(201) 555-0100,http://www.tailspintoys.com/VictoryGardens,Shop 7,249 Arvidsson Avenue
90,"Tailspin Toys (Tolna, ND)",1179,(701) 555-0100,http://www.tailspintoys.com/Tolna,Unit 91,777 Vassiljev Street
91,"Tailspin Toys (Alstead, NH)",1181,(603) 555-0100,http://www.tailspintoys.com/Alstead,Suite 50,520 Walkky Boulevard
92,"Tailspin Toys (Sans Souci, SC)",1183,(803) 555-0100,http://www.tailspintoys.com/SansSouci,Shop 104,1889 Smirnov Road
93,"Tailspin Toys (Clewiston, FL)",1185,(239) 555-0100,http://www.tailspintoys.com/Clewiston,Suite 80,351 Lill Crescent
94,"Tailspin Toys (Cheyenne Wells, CO)",1187,(303) 555-0100,http://www.tailspintoys.com/CheyenneWells,Unit 150,617 Pornpipatpong Lane
95,"Tailspin Toys (Lavon, TX)",1189,(210) 555-0100,http://www.tailspintoys.com/Lavon,Suite 258,771 Kidambi Road
96,"Tailspin Toys (South La Paloma, TX)",1191,(210) 555-0100,http://www.tailspintoys.com/SouthLaPaloma,Shop 2,1377 Tirlea Avenue
97,"Tailspin Toys (Manchester Center, VT)",1193,(802) 555-0100,http://www.tailspintoys.com/ManchesterCenter,Shop 264,611 Todorovic Avenue
98,"Tailspin Toys (El Centro, CA)",1195,(209) 555-0100,http://www.tailspintoys.com/ElCentro,Unit 30,1437 Ahmadian Avenue
99,"Tailspin Toys (Guin, AL)",1197,(205) 555-0100,http://www.tailspintoys.com/Guin,Unit 92,1742 Bender Boulevard
100,"Tailspin Toys (Tunnelhill, PA)",1199,(215) 555-0100,http://www.tailspintoys.com/Tunnelhill,Shop 6,301 Nechita Avenue
101,"Tailspin Toys (Cundiyo, NM)",1201,(505) 555-0100,http://www.tailspintoys.com/Cundiyo,Suite 117,1940 Shim Avenue
102,"Tailspin Toys (Fieldbrook, CA)",1203,(209) 555-0100,http://www.tailspintoys.com/Fieldbrook,Suite 287,1455 Grgic Crescent
103,"Tailspin Toys (Kalvesta, KS)",1205,(316) 555-0100,http://www.tailspintoys.com/Kalvesta,Unit 246,813 Habibi Lane
104,"Tailspin Toys (Wallagrass, ME)",1207,(207) 555-0100,http://www.tailspintoys.com/Wallagrass,Unit 206,1898 Kasesalu Boulevard
105,"Tailspin Toys (Tomnolen, MS)",1209,(228) 555-0100,http://www.tailspintoys.com/Tomnolen,Unit 60,1158 Hrastovsek Boulevard
106,"Tailspin Toys (Tumacacori, AZ)",1211,(480) 555-0100,http://www.tailspintoys.com/Tumacacori,Unit 23,1991 Clark Street
107,"Tailspin Toys (Glen Avon, CA)",1213,(209) 555-0100,http://www.tailspintoys.com/GlenAvon,Unit 32,917 Morgan Boulevard
108,"Tailspin Toys (Bernie, MO)",1215,(314) 555-0100,http://www.tailspintoys.com/Bernie,Unit 142,848 Kommineni Street
109,"Tailspin Toys (South Laguna, CA)",1217,(209) 555-0100,http://www.tailspintoys.com/SouthLaguna,Unit 174,939 Sanyal Crescent
110,"Tailspin Toys (North Crows Nest, IN)",1219,(219) 555-0100,http://www.tailspintoys.com/NorthCrowsNest,Suite 73,1191 Min Avenue
111,"Tailspin Toys (Oriole Beach, FL)",1221,(239) 555-0100,http://www.tailspintoys.com/OrioleBeach,Suite 223,53 Jeon Boulevard
112,"Tailspin Toys (Sallyards, KS)",1223,(316) 555-0100,http://www.tailspintoys.com/Sallyards,Unit 192,473 Kaulins Road
113,"Tailspin Toys (Dahlia, NM)",1225,(505) 555-0100,http://www.tailspintoys.com/Dahlia,Shop 52,1566 Holy Road
114,"Tailspin Toys (Cherry Grove Beach, SC)",1227,(803) 555-0100,http://www.tailspintoys.com/CherryGroveBeach,Unit 9,406 Malakar Lane
115,"Tailspin Toys (Bethania, NC)",1229,(252) 555-0100,http://www.tailspintoys.com/Bethania,Unit 281,49 Vitols Crescent
116,"Tailspin Toys (Rafael Capó, PR)",1231,(787) 555-0100,http://www.tailspintoys.com/RafaelCapó,Unit 129,1268 Pakalapati Street
117,"Tailspin Toys (Scofield, UT)",1233,(385) 555-0100,http://www.tailspintoys.com/Scofield,Suite 176,298 Bucco Lane
118,"Tailspin Toys (Vassalboro, ME)",1235,(207) 555-0100,http://www.tailspintoys.com/Vassalboro,Unit 234,900 Thota Boulevard
119,"Tailspin Toys (Statenville, GA)",1237,(229) 555-0100,http://www.tailspintoys.com/Statenville,Shop 44,974 Javan Avenue
120,"Tailspin Toys (Bratenahl, OH)",1239,(216) 555-0100,http://www.tailspintoys.com/Bratenahl,Unit 149,889 Usenuly Street
121,"Tailspin Toys (Elrosa, MN)",1241,(218) 555-0100,http://www.tailspintoys.com/Elrosa,Shop 251,835 Bach Crescent
122,"Tailspin Toys (McClave, CO)",1243,(303) 555-0100,http://www.tailspintoys.com/McClave,Unit 23,1748 Aalto Crescent
123,"Tailspin Toys (Roe Park, NY)",1245,(212) 555-0100,http://www.tailspintoys.com/RoePark,Shop 219,528 Persson Road
124,"Tailspin Toys (Hanoverton, OH)",1247,(216) 555-0100,http://www.tailspintoys.com/Hanoverton,Suite 157,1419 Hadrabova Avenue
125,"Tailspin Toys (Annamoriah, WV)",1249,(304) 555-0100,http://www.tailspintoys.com/Annamoriah,Unit 280,1394 Ankitham Crescent
126,"Tailspin Toys (Francis Mills, NJ)",1251,(201) 555-0100,http://www.tailspintoys.com/FrancisMills,Shop 167,772 Naicker Road
127,"Tailspin Toys (Point Roberts, WA)",1253,(206) 555-0100,http://www.tailspintoys.com/PointRoberts,Unit 187,70 Nishad Avenue
128,"Tailspin Toys (East Portal, CO)",1255,(303) 555-0100,http://www.tailspintoys.com/EastPortal,Shop 92,999 Kasesalu Road
129,"Tailspin Toys (Mineral Hills, MI)",1257,(231) 555-0100,http://www.tailspintoys.com/MineralHills,Unit 38,1421 Radoncis Road
130,"Tailspin Toys (Maple Shade, NJ)",1259,(201) 555-0100,http://www.tailspintoys.com/MapleShade,Suite 271,81 Banerjee Crescent
131,"Tailspin Toys (Kwethluk, AK)",1261,(907) 555-0100,http://www.tailspintoys.com/Kwethluk,Shop 162,486 Spirlea Avenue
132,"Tailspin Toys (Minidoka, ID)",1263,(208) 555-0100,http://www.tailspintoys.com/Minidoka,Suite 84,585 Dao Lane
133,"Tailspin Toys (Lake Erie Beach, NY)",1265,(212) 555-0100,http://www.tailspintoys.com/LakeErieBeach,Unit 174,1755 De Road
134,"Tailspin Toys (Tavares, FL)",1267,(239) 555-0100,http://www.tailspintoys.com/Tavares,Shop 82,1687 Valbe Avenue
135,"Tailspin Toys (Terre du Lac, MO)",1269,(314) 555-0100,http://www.tailspintoys.com/TerreduLac,Suite 93,171 Bite Lane
136,"Tailspin Toys (Mount Montgomery, NV)",1271,(702) 555-0100,http://www.tailspintoys.com/MountMontgomery,Shop 284,1909 Cosic Crescent
137,"Tailspin Toys (Carbonville, UT)",1273,(385) 555-0100,http://www.tailspintoys.com/Carbonville,Suite 272,931 Han Crescent
138,"Tailspin Toys (Navassa, NC)",1275,(252) 555-0100,http://www.tailspintoys.com/Navassa,Suite 231,333 Shasthri Road
139,"Tailspin Toys (Hardeeville, SC)",1277,(803) 555-0100,http://www.tailspintoys.com/Hardeeville,Shop 31,478 KlanCisar Lane
140,"Tailspin Toys (Furley, KS)",1279,(316) 555-0100,http://www.tailspintoys.com/Furley,Suite 199,1096 Poursokh Crescent
141,"Tailspin Toys (Arrow Rock, MO)",1281,(314) 555-0100,http://www.tailspintoys.com/ArrowRock,Shop 181,1190 Syme Street
142,"Tailspin Toys (King Cove, AK)",1283,(907) 555-0100,http://www.tailspintoys.com/KingCove,Suite 268,433 Reddy Street
143,"Tailspin Toys (Ashtabula, OH)",1285,(216) 555-0100,http://www.tailspintoys.com/Ashtabula,Shop 237,612 Gill Crescent
144,"Tailspin Toys (Larose, LA)",1287,(225) 555-0100,http://www.tailspintoys.com/Larose,Suite 156,859 Thota Lane
145,"Tailspin Toys (Manahawkin, NJ)",1289,(201) 555-0100,http://www.tailspintoys.com/Manahawkin,Suite 203,726 Roy Boulevard
146,"Tailspin Toys (Belgreen, AL)",1291,(205) 555-0100,http://www.tailspintoys.com/Belgreen,Suite 118,469 Formanek Street
147,"Tailspin Toys (Fishtail, MT)",1293,(406) 555-0100,http://www.tailspintoys.com/Fishtail,Unit 49,469 Patel Avenue
148,"Tailspin Toys (Baraboo, WI)",1295,(262) 555-0100,http://www.tailspintoys.com/Baraboo,Unit 170,1951 Rozitis Lane
149,"Tailspin Toys (Inguadona, MN)",1297,(218) 555-0100,http://www.tailspintoys.com/Inguadona,Suite 157,196 Kubat Street
150,"Tailspin Toys (Corfu, NY)",1299,(212) 555-0100,http://www.tailspintoys.com/Corfu,Suite 153,1989 Utjesenovic Road
151,"Tailspin Toys (Antares, AZ)",1301,(480) 555-0100,http://www.tailspintoys.com/Antares,Unit 148,307 Raju Street
152,"Tailspin Toys (Sun River, MT)",1303,(406) 555-0100,http://www.tailspintoys.com/SunRiver,Unit 249,1229 Bordelon Lane
153,"Tailspin Toys (Marcell, MN)",1305,(218) 555-0100,http://www.tailspintoys.com/Marcell,Suite 130,1952 Laramee Street
154,"Tailspin Toys (Eden Valley, MN)",1307,(218) 555-0100,http://www.tailspintoys.com/EdenValley,Unit 248,226 Auzina Lane
155,"Tailspin Toys (Arbor Vitae, WI)",1309,(262) 555-0100,http://www.tailspintoys.com/ArborVitae,Suite 45,234 Benda Crescent
156,"Tailspin Toys (Hollywood Park, TX)",1311,(210) 555-0100,http://www.tailspintoys.com/HollywoodPark,Unit 178,1948 Podnieks Road
157,"Tailspin Toys (Saks, AL)",1313,(205) 555-0100,http://www.tailspintoys.com/Saks,Suite 187,1962 Celik Road
158,"Tailspin Toys (Donner, LA)",1315,(225) 555-0100,http://www.tailspintoys.com/Donner,Suite 255,299 Gill Boulevard
159,"Tailspin Toys (Saint Louis Park, MN)",1317,(218) 555-0100,http://www.tailspintoys.com/SaintLouisPark,Shop 258,565 Singh Lane
160,"Tailspin Toys (Crary, ND)",1319,(701) 555-0100,http://www.tailspintoys.com/Crary,Suite 181,522 Longo Lane
161,"Tailspin Toys (Aspen Park, CO)",1321,(303) 555-0100,http://www.tailspintoys.com/AspenPark,Unit 227,1611 Alfred Lane
162,"Tailspin Toys (Glen Park, NY)",1323,(212) 555-0100,http://www.tailspintoys.com/GlenPark,Unit 69,1219 Van Groesen Avenue
163,"Tailspin Toys (Panaca, NV)",1325,(702) 555-0100,http://www.tailspintoys.com/Panaca,Shop 236,155 Jantunen Boulevard
164,"Tailspin Toys (Rothsville, PA)",1327,(215) 555-0100,http://www.tailspintoys.com/Rothsville,Unit 88,1840 Roman Road
165,"Tailspin Toys (Topstone, CT)",1329,(203) 555-0100,http://www.tailspintoys.com/Topstone,Suite 271,1399 Mukherjee Avenue
166,"Tailspin Toys (McCamey, TX)",1331,(210) 555-0100,http://www.tailspintoys.com/McCamey,Suite 116,1556 Barua Boulevard
167,"Tailspin Toys (Rockwall, TX)",1333,(210) 555-0100,http://www.tailspintoys.com/Rockwall,Unit 211,1492 Lanctot Crescent
168,"Tailspin Toys (Seagraves, TX)",1335,(210) 555-0100,http://www.tailspintoys.com/Seagraves,Suite 228,1216 Nilsson Crescent
169,"Tailspin Toys (Sinclair, WY)",1337,(307) 555-0100,http://www.tailspintoys.com/Sinclair,Unit 88,391 Cindric Boulevard
170,"Tailspin Toys (Eastchester, NY)",1339,(212) 555-0100,http://www.tailspintoys.com/Eastchester,Unit 109,1568 Srisati Boulevard
171,"Tailspin Toys (Ortley Beach, NJ)",1341,(201) 555-0100,http://www.tailspintoys.com/OrtleyBeach,Shop 83,834 Mookjai Avenue
172,"Tailspin Toys (Madrone, NM)",1343,(505) 555-0100,http://www.tailspintoys.com/Madrone,Shop 283,1520 Podnieks Road
173,"Tailspin Toys (Wappingers Falls, NY)",1345,(212) 555-0100,http://www.tailspintoys.com/WappingersFalls,Unit 235,822 Shasthri Road
174,"Tailspin Toys (Astor Park, FL)",1347,(239) 555-0100,http://www.tailspintoys.com/AstorPark,Unit 37,440 Spousta Street
175,"Tailspin Toys (San Acacia, NM)",1349,(505) 555-0100,http://www.tailspintoys.com/SanAcacia,Shop 128,435 Lucchesi Boulevard
176,"Tailspin Toys (Malott, WA)",1351,(206) 555-0100,http://www.tailspintoys.com/Malott,Shop 287,680 Kallas Boulevard
177,"Tailspin Toys (Orrtanna, PA)",1353,(215) 555-0100,http://www.tailspintoys.com/Orrtanna,Suite 93,185 Saikkonen Avenue
178,"Tailspin Toys (Armstrong Creek, WI)",1355,(262) 555-0100,http://www.tailspintoys.com/ArmstrongCreek,Suite 139,902 Rozitis Crescent
179,"Tailspin Toys (Hiteman, IA)",1357,(319) 555-0100,http://www.tailspintoys.com/Hiteman,Unit 138,284 Paulet Street
180,"Tailspin Toys (Caselton, NV)",1359,(702) 555-0100,http://www.tailspintoys.com/Caselton,Suite 206,1839 Hadrabova Crescent
181,"Tailspin Toys (Heilwood, PA)",1361,(215) 555-0100,http://www.tailspintoys.com/Heilwood,Suite 25,1846 Hudecova Crescent
182,"Tailspin Toys (Hayes Center, NE)",1363,(308) 555-0100,http://www.tailspintoys.com/HayesCenter,Shop 190,1059 Kamasamudram Avenue
183,"Tailspin Toys (Tierra Verde, FL)",1365,(239) 555-0100,http://www.tailspintoys.com/TierraVerde,Unit 286,927 Yadav Street
184,"Tailspin Toys (South Euclid, OH)",1367,(216) 555-0100,http://www.tailspintoys.com/SouthEuclid,Unit 31,862 Tomek Avenue
185,"Tailspin Toys (Vidrine, LA)",1369,(225) 555-0100,http://www.tailspintoys.com/Vidrine,Suite 174,920 Nesic Street
186,"Tailspin Toys (Placer, OR)",1371,(458) 555-0100,http://www.tailspintoys.com/Placer,Unit 222,1151 De Boulevard
187,"Tailspin Toys (Brown City, MI)",1373,(231) 555-0100,http://www.tailspintoys.com/BrownCity,Suite 85,1297 Hrdlickova Boulevard
188,"Tailspin Toys (Premont, TX)",1375,(210) 555-0100,http://www.tailspintoys.com/Premont,Unit 296,54 Matos Street
189,"Tailspin Toys (Wilkes-Barre, PA)",1377,(215) 555-0100,http://www.tailspintoys.com/Wilkes-Barre,Suite 49,1847 Alladi Street
190,"Tailspin Toys (Teutopolis, IL)",1379,(217) 555-0100,http://www.tailspintoys.com/Teutopolis,Unit 103,1171 Lukstina Road
191,"Tailspin Toys (Orchard Hill, GA)",1381,(229) 555-0100,http://www.tailspintoys.com/OrchardHill,Suite 169,946 Reddy Street
192,"Tailspin Toys (Optimo, NM)",1383,(505) 555-0100,http://www.tailspintoys.com/Optimo,Shop 264,978 Edden Street
193,"Tailspin Toys (Knifley, KY)",1385,(270) 555-0100,http://www.tailspintoys.com/Knifley,Shop 112,1591 Bhowmick Street
194,"Tailspin Toys (Naples Park, FL)",1387,(239) 555-0100,http://www.tailspintoys.com/NaplesPark,Shop 172,1724 Chatterjee Avenue
195,"Tailspin Toys (Lesslie, SC)",1389,(803) 555-0100,http://www.tailspintoys.com/Lesslie,Unit 180,1683 Stojkovic Crescent
196,"Tailspin Toys (Howells, NE)",1391,(308) 555-0100,http://www.tailspintoys.com/Howells,Unit 241,6 Nandamuri Road
197,"Tailspin Toys (Magalia, CA)",1393,(209) 555-0100,http://www.tailspintoys.com/Magalia,Suite 176,103 Pulido Road
198,"Tailspin Toys (Buell, MO)",1395,(314) 555-0100,http://www.tailspintoys.com/Buell,Shop 35,804 Nantakarn Road
199,"Tailspin Toys (Antonito, CO)",1397,(303) 555-0100,http://www.tailspintoys.com/Antonito,Shop 109,487 Rusl Street
200,"Tailspin Toys (Tooele, UT)",1399,(385) 555-0100,http://www.tailspintoys.com/Tooele,Suite 264,691 Sonkar Avenue
201,"Tailspin Toys (Skyway, WA)",1401,(206) 555-0100,http://www.tailspintoys.com/Skyway,Unit 38,658 Azevedo Lane
401,Wingtip Toys (Head Office),2001,(303) 555-0100,http://www.wingtiptoys.com,Shop 294,1263 Kwak Lane
402,"Wingtip Toys (Black Lick, PA)",2003,(215) 555-0100,http://www.wingtiptoys.com/BlackLick,Shop 64,581 Koppel Lane
403,"Wingtip Toys (Queen Valley, AZ)",2005,(480) 555-0100,http://www.wingtiptoys.com/QueenValley,Suite 56,1750 Lampsa Road
404,"Wingtip Toys (Penns Creek, PA)",2007,(215) 555-0100,http://www.wingtiptoys.com/PennsCreek,Suite 191,834 Poddar Avenue
405,"Wingtip Toys (Bourbonnais, IL)",2009,(217) 555-0100,http://www.wingtiptoys.com/Bourbonnais,Suite 139,510 Dumina Boulevard
406,"Wingtip Toys (Tuscaloosa, AL)",2011,(205) 555-0100,http://www.wingtiptoys.com/Tuscaloosa,Suite 287,581 Ioveanu Crescent
407,"Wingtip Toys (Mooringsport, LA)",2013,(225) 555-0100,http://www.wingtiptoys.com/Mooringsport,Unit 248,104 Nutiu Crescent
408,"Wingtip Toys (Rockwall, TX)",2015,(210) 555-0100,http://www.wingtiptoys.com/Rockwall,Shop 141,1414 Correa Road
409,"Wingtip Toys (Orick, CA)",2017,(209) 555-0100,http://www.wingtiptoys.com/Orick,Unit 301,1612 TunC Avenue
410,"Wingtip Toys (Bernstein, TX)",2019,(210) 555-0100,http://www.wingtiptoys.com/Bernstein,Shop 130,1921 Bose Boulevard
411,"Wingtip Toys (Edmund, WI)",2021,(262) 555-0100,http://www.wingtiptoys.com/Edmund,Suite 96,910 Hrdlickova Crescent
412,"Wingtip Toys (Bozeman Hot Springs, MT)",2023,(406) 555-0100,http://www.wingtiptoys.com/BozemanHotSprings,Suite 252,1639 Deb Lane
413,"Wingtip Toys (Truscott, TX)",2025,(210) 555-0100,http://www.wingtiptoys.com/Truscott,Suite 14,1572 Mudaliyar Lane
414,"Wingtip Toys (Rose Tree, PA)",2027,(215) 555-0100,http://www.wingtiptoys.com/RoseTree,Unit 212,1837 Vasiljevic Boulevard
415,"Wingtip Toys (Leathersville, GA)",2029,(229) 555-0100,http://www.wingtiptoys.com/Leathersville,Unit 77,1555 Negi Crescent
416,"Wingtip Toys (Necedah, WI)",2031,(262) 555-0100,http://www.wingtiptoys.com/Necedah,Unit 41,1732 Diaz Road
417,"Wingtip Toys (Chetek, WI)",2033,(262) 555-0100,http://www.wingtiptoys.com/Chetek,Shop 144,310 Benipal Lane
418,"Wingtip Toys (Yaak, MT)",2035,(406) 555-0100,http://www.wingtiptoys.com/Yaak,Unit 144,1588 Kohout Crescent
419,"Wingtip Toys (Compass Lake, FL)",2037,(239) 555-0100,http://www.wingtiptoys.com/CompassLake,Suite 150,1050 Tu Boulevard
420,"Wingtip Toys (Herlong, CA)",2039,(209) 555-0100,http://www.wingtiptoys.com/Herlong,Suite 127,1386 Lucescu Lane
421,"Wingtip Toys (Highland Home, AL)",2041,(205) 555-0100,http://www.wingtiptoys.com/HighlandHome,Unit 17,1985 Flamand Lane
422,"Wingtip Toys (Naches, WA)",2043,(206) 555-0100,http://www.wingtiptoys.com/Naches,Unit 42,323 Buecek Crescent
423,"Wingtip Toys (Baldwin City, KS)",2045,(316) 555-0100,http://www.wingtiptoys.com/BaldwinCity,Unit 30,295 Rosberg Avenue
424,"Wingtip Toys (Heartwell, NE)",2047,(308) 555-0100,http://www.wingtiptoys.com/Heartwell,Unit 77,1910 Stavinohova Crescent
425,"Wingtip Toys (Bethel Acres, OK)",2049,(405) 555-0100,http://www.wingtiptoys.com/BethelAcres,Shop 203,631 Zahradnicek Avenue
426,"Wingtip Toys (Willow Valley, AZ)",2051,(480) 555-0100,http://www.wingtiptoys.com/WillowValley,Unit 294,2001 Lee Boulevard
427,"Wingtip Toys (Athol Springs, NY)",2053,(212) 555-0100,http://www.wingtiptoys.com/AtholSprings,Shop 205,840 Rezaei Lane
428,"Wingtip Toys (Paw Paw Lake, MI)",2055,(231) 555-0100,http://www.wingtiptoys.com/PawPawLake,Shop 245,1097 Grabensek Street
429,"Wingtip Toys (Lilbourn, MO)",2057,(314) 555-0100,http://www.wingtiptoys.com/Lilbourn,Shop 191,435 Vladu Crescent
430,"Wingtip Toys (Lost River, ID)",2059,(208) 555-0100,http://www.wingtiptoys.com/LostRiver,Unit 63,506 Dikshit Lane
431,"Wingtip Toys (Rosa Sánchez, PR)",2061,(787) 555-0100,http://www.wingtiptoys.com/RosaSánchez,Unit 193,583 Aluri Road
432,"Wingtip Toys (Vamo, FL)",2063,(239) 555-0100,http://www.wingtiptoys.com/Vamo,Unit 102,1523 Lukes Lane
433,"Wingtip Toys (Balko, OK)",2065,(405) 555-0100,http://www.wingtiptoys.com/Balko,Shop 262,430 Paulet Crescent
434,"Wingtip Toys (Lime Lake, NY)",2067,(212) 555-0100,http://www.wingtiptoys.com/LimeLake,Unit 111,983 Cavalcante Street
435,"Wingtip Toys (Teutopolis, IL)",2069,(217) 555-0100,http://www.wingtiptoys.com/Teutopolis,Unit 83,1871 Grabensek Road
436,"Wingtip Toys (Gargatha, VA)",2071,(276) 555-0100,http://www.wingtiptoys.com/Gargatha,Shop 233,1362 Gajula Road
437,"Wingtip Toys (Cadogan, PA)",2073,(215) 555-0100,http://www.wingtiptoys.com/Cadogan,Shop 111,1266 Aggarwal Road
438,"Wingtip Toys (Lucasville, OH)",2075,(216) 555-0100,http://www.wingtiptoys.com/Lucasville,Unit 47,857 Bose Avenue
439,"Wingtip Toys (Cylon, WI)",2077,(262) 555-0100,http://www.wingtiptoys.com/Cylon,Suite 36,1673 Pokorna Avenue
440,"Wingtip Toys (Asher, OK)",2079,(405) 555-0100,http://www.wingtiptoys.com/Asher,Suite 121,1277 Almeida Street
441,"Wingtip Toys (Keosauqua, IA)",2081,(319) 555-0100,http://www.wingtiptoys.com/Keosauqua,Suite 292,830 Sal Crescent
442,"Wingtip Toys (Homer City, PA)",2083,(215) 555-0100,http://www.wingtiptoys.com/HomerCity,Suite 149,1993 TunC Street
443,"Wingtip Toys (Berville, MI)",2085,(231) 555-0100,http://www.wingtiptoys.com/Berville,Unit 38,824 Padilla Crescent
444,"Wingtip Toys (Tea, SD)",2087,(605) 555-0100,http://www.wingtiptoys.com/Tea,Shop 228,1362 Chu Crescent
445,"Wingtip Toys (Dacono, CO)",2089,(303) 555-0100,http://www.wingtiptoys.com/Dacono,Shop 54,541 Shergill Street
446,"Wingtip Toys (Saint Landry, LA)",2091,(225) 555-0100,http://www.wingtiptoys.com/SaintLandry,Unit 160,782 Chakraborty Road
447,"Wingtip Toys (Coin, IA)",2093,(319) 555-0100,http://www.wingtiptoys.com/Coin,Unit 133,1197 Nastase Avenue
448,"Wingtip Toys (Salt Wells, NV)",2095,(702) 555-0100,http://www.wingtiptoys.com/SaltWells,Unit 20,1175 Moresby Street
449,"Wingtip Toys (Delray, WV)",2097,(304) 555-0100,http://www.wingtiptoys.com/Delray,Suite 120,1400 Kongpaisarn Street
450,"Wingtip Toys (Mount Summit, IN)",2099,(219) 555-0100,http://www.wingtiptoys.com/MountSummit,Suite 94,1033 Lindqvist Road
451,"Wingtip Toys (Smoot, WY)",2101,(307) 555-0100,http://www.wingtiptoys.com/Smoot,Unit 16,1854 Ankitham Avenue
452,"Wingtip Toys (Lake Davis, CA)",2103,(209) 555-0100,http://www.wingtiptoys.com/LakeDavis,Suite 75,605 Roman Street
453,"Wingtip Toys (Stanardsville, VA)",2105,(276) 555-0100,http://www.wingtiptoys.com/Stanardsville,Suite 124,1316 Agafitei Road
454,"Wingtip Toys (Corcovado, PR)",2107,(787) 555-0100,http://www.wingtiptoys.com/Corcovado,Suite 191,1924 Spousta Lane
455,"Wingtip Toys (Taft Heights, CA)",2109,(209) 555-0100,http://www.wingtiptoys.com/TaftHeights,Shop 121,1772 Fallaci Crescent
456,"Wingtip Toys (West Hempstead, NY)",2111,(212) 555-0100,http://www.wingtiptoys.com/WestHempstead,Unit 2,1605 Leigh Road
457,"Wingtip Toys (Portales, NM)",2113,(505) 555-0100,http://www.wingtiptoys.com/Portales,Unit 133,349 Kozakova Boulevard
458,"Wingtip Toys (Coker, AL)",2115,(205) 555-0100,http://www.wingtiptoys.com/Coker,Shop 23,1813 Koppel Crescent
459,"Wingtip Toys (Haydenville, OH)",2117,(216) 555-0100,http://www.wingtiptoys.com/Haydenville,Shop 69,801 Dzene Street
460,"Wingtip Toys (Mayhill, NM)",2119,(505) 555-0100,http://www.wingtiptoys.com/Mayhill,Suite 11,898 Kim Boulevard
461,"Wingtip Toys (Vair, TX)",2121,(210) 555-0100,http://www.wingtiptoys.com/Vair,Shop 59,75 Chang Crescent
462,"Wingtip Toys (Crossroads, NM)",2123,(505) 555-0100,http://www.wingtiptoys.com/Crossroads,Unit 288,1925 Ankitham Road
463,"Wingtip Toys (Cowlington, OK)",2125,(405) 555-0100,http://www.wingtiptoys.com/Cowlington,Shop 57,521 Arslan Street
464,"Wingtip Toys (Glen Ullin, ND)",2127,(701) 555-0100,http://www.wingtiptoys.com/GlenUllin,Unit 91,710 Barbosa Lane
465,"Wingtip Toys (Oologah, OK)",2129,(405) 555-0100,http://www.wingtiptoys.com/Oologah,Shop 214,176 Zvirbule Crescent
466,"Wingtip Toys (Lytle, TX)",2131,(210) 555-0100,http://www.wingtiptoys.com/Lytle,Unit 95,882 Bhuiyan Crescent
467,"Wingtip Toys (Mahaffey, PA)",2133,(215) 555-0100,http://www.wingtiptoys.com/Mahaffey,Shop 93,1947 ozCelik Road
468,"Wingtip Toys (Sunburg, MN)",2135,(218) 555-0100,http://www.wingtiptoys.com/Sunburg,Unit 234,1356 Molina Crescent
469,"Wingtip Toys (Johnetta, KY)",2137,(270) 555-0100,http://www.wingtiptoys.com/Johnetta,Unit 280,1314 Arvidsson Boulevard
470,"Wingtip Toys (Universal City, TX)",2139,(210) 555-0100,http://www.wingtiptoys.com/UniversalCity,Unit 40,1521 Phan Crescent
471,"Wingtip Toys (Ridgemark, CA)",2141,(209) 555-0100,http://www.wingtiptoys.com/Ridgemark,Shop 179,1795 Pullela Street
472,"Wingtip Toys (San Jacinto, CA)",2143,(209) 555-0100,http://www.wingtiptoys.com/SanJacinto,Shop 170,820 Kubatova Road
473,"Wingtip Toys (Floriston, CA)",2145,(209) 555-0100,http://www.wingtiptoys.com/Floriston,Suite 203,229 Cao Lane
474,"Wingtip Toys (Bokeelia, FL)",2147,(239) 555-0100,http://www.wingtiptoys.com/Bokeelia,Shop 102,1019 Hoa Avenue
475,"Wingtip Toys (Cale, AR)",2149,(479) 555-0100,http://www.wingtiptoys.com/Cale,Unit 12,1235 Oh Crescent
476,"Wingtip Toys (Karthaus, PA)",2151,(215) 555-0100,http://www.wingtiptoys.com/Karthaus,Suite 106,272 Stojkovic Avenue
477,"Wingtip Toys (Glancy, MS)",2153,(228) 555-0100,http://www.wingtiptoys.com/Glancy,Shop 232,856 Sarkar Street
478,"Wingtip Toys (Stoneboro, PA)",2155,(215) 555-0100,http://www.wingtiptoys.com/Stoneboro,Suite 105,393 Williams Avenue
479,"Wingtip Toys (Mier, IN)",2157,(219) 555-0100,http://www.wingtiptoys.com/Mier,Unit 41,257 Gunes Avenue
480,"Wingtip Toys (Wapinitia, OR)",2159,(458) 555-0100,http://www.wingtiptoys.com/Wapinitia,Shop 119,1525 Benjaree Crescent
481,"Wingtip Toys (White Church, MO)",2161,(314) 555-0100,http://www.wingtiptoys.com/WhiteChurch,Suite 283,1410 Shergill Lane
482,"Wingtip Toys (Caton, NY)",2163,(212) 555-0100,http://www.wingtiptoys.com/Caton,Unit 122,1187 Baruah Crescent
483,"Wingtip Toys (Plum Branch, SC)",2165,(803) 555-0100,http://www.wingtiptoys.com/PlumBranch,Suite 275,593 Huq Avenue
484,"Wingtip Toys (Mauldin, SC)",2167,(803) 555-0100,http://www.wingtiptoys.com/Mauldin,Suite 250,261 Celmina Street
485,"Wingtip Toys (Bonner Springs, KS)",2169,(316) 555-0100,http://www.wingtiptoys.com/BonnerSprings,Suite 14,1632 Bose Street
486,"Wingtip Toys (Lowellville, OH)",2171,(216) 555-0100,http://www.wingtiptoys.com/Lowellville,Unit 143,1197 Debeljak Avenue
487,"Wingtip Toys (Elverson, PA)",2173,(215) 555-0100,http://www.wingtiptoys.com/Elverson,Unit 288,732 Nakhtare Boulevard
488,"Wingtip Toys (Isabela, PR)",2175,(787) 555-0100,http://www.wingtiptoys.com/Isabela,Shop 110,1211 Mazumdar Avenue
489,"Wingtip Toys (Sayner, WI)",2177,(262) 555-0100,http://www.wingtiptoys.com/Sayner,Unit 28,1960 Pak Street
490,"Wingtip Toys (Beals, ME)",2179,(207) 555-0100,http://www.wingtiptoys.com/Beals,Shop 61,327 Trivedi Lane
491,"Wingtip Toys (Morton Grove, IL)",2181,(217) 555-0100,http://www.wingtiptoys.com/MortonGrove,Unit 165,1284 Lovric Lane
492,"Wingtip Toys (Birds, IL)",2183,(217) 555-0100,http://www.wingtiptoys.com/Birds,Shop 146,520 Matos Lane
493,"Wingtip Toys (Federalsburg, MD)",2185,(240) 555-0100,http://www.wingtiptoys.com/Federalsburg,Suite 249,981 Cattaneo Road
494,"Wingtip Toys (Pikeview, CO)",2187,(303) 555-0100,http://www.wingtiptoys.com/Pikeview,Suite 297,1726 Zahradnicek Crescent
495,"Wingtip Toys (Boalsburg, PA)",2189,(215) 555-0100,http://www.wingtiptoys.com/Boalsburg,Suite 185,122 ozcan Lane
496,"Wingtip Toys (Port Hueneme, CA)",2191,(209) 555-0100,http://www.wingtiptoys.com/PortHueneme,Shop 27,1171 Sikdar Avenue
497,"Wingtip Toys (Verdery, SC)",2193,(803) 555-0100,http://www.wingtiptoys.com/Verdery,Shop 144,1774 ChÃ¡vez Road
498,"Wingtip Toys (Obetz, OH)",2195,(216) 555-0100,http://www.wingtiptoys.com/Obetz,Shop 241,1168 Jovicevic Boulevard
499,"Wingtip Toys (East Fultonham, OH)",2197,(216) 555-0100,http://www.wingtiptoys.com/EastFultonham,Shop 20,1046 Saucier Road
500,"Wingtip Toys (Obion, TN)",2199,(423) 555-0100,http://www.wingtiptoys.com/Obion,Shop 113,1041 Khalsa Crescent
501,"Wingtip Toys (Cavendish, VT)",2201,(802) 555-0100,http://www.wingtiptoys.com/Cavendish,Shop 295,62 Berggren Road
502,"Wingtip Toys (Miesville, MN)",2203,(218) 555-0100,http://www.wingtiptoys.com/Miesville,Shop 156,1785 Narkbunnum Road
503,"Wingtip Toys (Valhalla, NC)",2205,(252) 555-0100,http://www.wingtiptoys.com/Valhalla,Suite 66,1127 Vosnik Road
504,"Wingtip Toys (Cape Neddick, ME)",2207,(207) 555-0100,http://www.wingtiptoys.com/CapeNeddick,Shop 186,1369 Atluri Crescent
505,"Wingtip Toys (Silver Plume, CO)",2209,(303) 555-0100,http://www.wingtiptoys.com/SilverPlume,Unit 34,1304 Hrdlickova Crescent
506,"Wingtip Toys (North Beach Haven, NJ)",2211,(201) 555-0100,http://www.wingtiptoys.com/NorthBeachHaven,Shop 54,659 Mookjai Road
507,"Wingtip Toys (Downingtown, PA)",2213,(215) 555-0100,http://www.wingtiptoys.com/Downingtown,Unit 25,1353 YÄ±lmaz Street
508,"Wingtip Toys (Branson West, MO)",2215,(314) 555-0100,http://www.wingtiptoys.com/BransonWest,Suite 173,1633 Sonkar Boulevard
509,"Wingtip Toys (Bergen Park, CO)",2217,(303) 555-0100,http://www.wingtiptoys.com/BergenPark,Unit 234,1737 Cheema Avenue
510,"Wingtip Toys (Grabill, IN)",2219,(219) 555-0100,http://www.wingtiptoys.com/Grabill,Suite 187,1015 Chowdary Boulevard
511,"Wingtip Toys (North Manitou, MI)",2221,(231) 555-0100,http://www.wingtiptoys.com/NorthManitou,Unit 115,1745 Penttila Road
512,"Wingtip Toys (Philip, SD)",2223,(605) 555-0100,http://www.wingtiptoys.com/Philip,Suite 115,761 Kellnerova Avenue
513,"Wingtip Toys (Straughn, IN)",2225,(219) 555-0100,http://www.wingtiptoys.com/Straughn,Suite 265,299 Bae Road
514,"Wingtip Toys (Gilford, NH)",2227,(603) 555-0100,http://www.wingtiptoys.com/Gilford,Unit 20,231 Kaulina Street
515,"Wingtip Toys (Del Valle, TX)",2229,(210) 555-0100,http://www.wingtiptoys.com/DelValle,Shop 21,1064 Vulpes Street
516,"Wingtip Toys (Harkers Island, NC)",2231,(252) 555-0100,http://www.wingtiptoys.com/HarkersIsland,Shop 216,726 Matos Lane
517,"Wingtip Toys (Licking, MO)",2233,(314) 555-0100,http://www.wingtiptoys.com/Licking,Shop 64,279 Walkky Crescent
518,"Wingtip Toys (Raton, NM)",2235,(505) 555-0100,http://www.wingtiptoys.com/Raton,Unit 7,1652 Goransson Lane
519,"Wingtip Toys (Boynton, OK)",2237,(405) 555-0100,http://www.wingtiptoys.com/Boynton,Shop 23,710 Rahimi Avenue
520,"Wingtip Toys (Frenchburg, KY)",2239,(270) 555-0100,http://www.wingtiptoys.com/Frenchburg,Suite 169,1392 Tuntayakul Lane
521,"Wingtip Toys (Robertsdale, AL)",2241,(205) 555-0100,http://www.wingtiptoys.com/Robertsdale,Shop 276,1856 Poddar Street
522,"Wingtip Toys (Dickerson, MD)",2243,(240) 555-0100,http://www.wingtiptoys.com/Dickerson,Unit 116,1760 Gummadi Road
523,"Wingtip Toys (Bruceton Mills, WV)",2245,(304) 555-0100,http://www.wingtiptoys.com/BrucetonMills,Shop 64,36 Klaus Boulevard
524,"Wingtip Toys (Cloquet, MN)",2247,(218) 555-0100,http://www.wingtiptoys.com/Cloquet,Unit 271,336 Kasesalu Lane
525,"Wingtip Toys (Claycomo, MO)",2249,(314) 555-0100,http://www.wingtiptoys.com/Claycomo,Suite 255,1668 Nechita Boulevard
526,"Wingtip Toys (Beekmantown, NY)",2251,(212) 555-0100,http://www.wingtiptoys.com/Beekmantown,Unit 152,285 Kovacevic Boulevard
527,"Wingtip Toys (Islip Terrace, NY)",2253,(212) 555-0100,http://www.wingtiptoys.com/IslipTerrace,Suite 7,1820 Sedlar Crescent
528,"Wingtip Toys (Rich Creek, VA)",2255,(276) 555-0100,http://www.wingtiptoys.com/RichCreek,Suite 238,727 Yavuz Street
529,"Wingtip Toys (Griswoldville, GA)",2257,(229) 555-0100,http://www.wingtiptoys.com/Griswoldville,Suite 270,1281 Kalejs Crescent
530,"Wingtip Toys (East Mountain, TX)",2259,(210) 555-0100,http://www.wingtiptoys.com/EastMountain,Unit 249,1636 Monty Road
531,"Wingtip Toys (Omer, MI)",2261,(231) 555-0100,http://www.wingtiptoys.com/Omer,Shop 261,1855 Mitra Avenue
532,"Wingtip Toys (Waycross, GA)",2263,(229) 555-0100,http://www.wingtiptoys.com/Waycross,Suite 98,1275 Haldar Street
533,"Wingtip Toys (Nichols Hills, OK)",2265,(405) 555-0100,http://www.wingtiptoys.com/NicholsHills,Shop 131,880 Mannik Lane
534,"Wingtip Toys (Plaquemine, LA)",2267,(225) 555-0100,http://www.wingtiptoys.com/Plaquemine,Shop 79,384 Yadav Boulevard
535,"Wingtip Toys (Triadelphia, WV)",2269,(304) 555-0100,http://www.wingtiptoys.com/Triadelphia,Suite 212,599 Huiting Lane
536,"Wingtip Toys (Ferney, SD)",2271,(605) 555-0100,http://www.wingtiptoys.com/Ferney,Shop 270,289 Ahmadi Crescent
537,"Wingtip Toys (Akhiok, AK)",2273,(907) 555-0100,http://www.wingtiptoys.com/Akhiok,Unit 246,1280 Tran Boulevard
538,"Wingtip Toys (Deeson, MS)",2275,(228) 555-0100,http://www.wingtiptoys.com/Deeson,Unit 247,391 Lanctot Lane
539,"Wingtip Toys (Nuangola, PA)",2277,(215) 555-0100,http://www.wingtiptoys.com/Nuangola,Shop 258,148 Dellucci Boulevard
540,"Wingtip Toys (Weld, ME)",2279,(207) 555-0100,http://www.wingtiptoys.com/Weld,Shop 237,540 Buresova Road
541,"Wingtip Toys (Mickleton, NJ)",2281,(201) 555-0100,http://www.wingtiptoys.com/Mickleton,Unit 107,1679 Modi Lane
542,"Wingtip Toys (Schererville, IN)",2283,(219) 555-0100,http://www.wingtiptoys.com/Schererville,Unit 147,147 Hadrabova Street
543,"Wingtip Toys (Lexington Heights, MI)",2285,(231) 555-0100,http://www.wingtiptoys.com/LexingtonHeights,Shop 234,390 Korjus Road
544,"Wingtip Toys (Broomtown, AL)",2287,(205) 555-0100,http://www.wingtiptoys.com/Broomtown,Unit 39,1028 Carrillo Boulevard
545,"Wingtip Toys (Jamison, IA)",2289,(319) 555-0100,http://www.wingtiptoys.com/Jamison,Unit 90,1984 Esposito Road
546,"Wingtip Toys (Key Biscayne, FL)",2291,(239) 555-0100,http://www.wingtiptoys.com/KeyBiscayne,Shop 226,1642 Jantunen Crescent
547,"Wingtip Toys (Chaseley, ND)",2293,(701) 555-0100,http://www.wingtiptoys.com/Chaseley,Suite 211,1666 Semjonov Lane
548,"Wingtip Toys (Indian Creek, IL)",2295,(217) 555-0100,http://www.wingtiptoys.com/IndianCreek,Unit 40,63 Celmina Road
549,"Wingtip Toys (Lake Ronkonkoma, NY)",2297,(212) 555-0100,http://www.wingtiptoys.com/LakeRonkonkoma,Suite 131,576 Sedlar Road
550,"Wingtip Toys (Morrison Bluff, AR)",2299,(479) 555-0100,http://www.wingtiptoys.com/MorrisonBluff,Shop 284,645 Khalsa Boulevard
551,"Wingtip Toys (Huntingburg, IN)",2301,(219) 555-0100,http://www.wingtiptoys.com/Huntingburg,Unit 7,833 Pasek Boulevard
552,"Wingtip Toys (Shay, PA)",2303,(215) 555-0100,http://www.wingtiptoys.com/Shay,Suite 140,1587 Olofsson Boulevard
553,"Wingtip Toys (Helotes, TX)",2305,(210) 555-0100,http://www.wingtiptoys.com/Helotes,Unit 237,1534 Milano Lane
554,"Wingtip Toys (Hollandsburg, IN)",2307,(219) 555-0100,http://www.wingtiptoys.com/Hollandsburg,Unit 234,1014 Shuler Avenue
555,"Wingtip Toys (Liberty Grove, MD)",2309,(240) 555-0100,http://www.wingtiptoys.com/LibertyGrove,Shop 177,1754 Kaskar Avenue
556,"Wingtip Toys (Morita, TX)",2311,(210) 555-0100,http://www.wingtiptoys.com/Morita,Suite 54,598 Ilic Road
557,"Wingtip Toys (New Laguna, NM)",2313,(505) 555-0100,http://www.wingtiptoys.com/NewLaguna,Suite 185,1687 Ornlamai Lane
558,"Wingtip Toys (Bourneville, OH)",2315,(216) 555-0100,http://www.wingtiptoys.com/Bourneville,Unit 10,158 Lieu Lane
559,"Wingtip Toys (Mendoza, TX)",2317,(210) 555-0100,http://www.wingtiptoys.com/Mendoza,Unit 42,1448 Brasseur Boulevard
560,"Wingtip Toys (Palmas del Mar, PR)",2319,(787) 555-0100,http://www.wingtiptoys.com/PalmasdelMar,Suite 72,148 ChÃ¡vez Street
561,"Wingtip Toys (Marion Junction, AL)",2321,(205) 555-0100,http://www.wingtiptoys.com/MarionJunction,Shop 88,1444 Leigh Crescent
562,"Wingtip Toys (Ware Shoals, SC)",2323,(803) 555-0100,http://www.wingtiptoys.com/WareShoals,Suite 47,940 Rosberg Street
563,"Wingtip Toys (Lostine, OR)",2325,(458) 555-0100,http://www.wingtiptoys.com/Lostine,Shop 82,931 Mitra Lane
564,"Wingtip Toys (Tilleda, WI)",2327,(262) 555-0100,http://www.wingtiptoys.com/Tilleda,Suite 174,1968 Necesana Street
565,"Wingtip Toys (Wapiti, WY)",2329,(307) 555-0100,http://www.wingtiptoys.com/Wapiti,Shop 266,899 Valentova Road
566,"Wingtip Toys (Amado, AZ)",2331,(480) 555-0100,http://www.wingtiptoys.com/Amado,Unit 175,593 Mokkapati Road
567,"Wingtip Toys (Jeromesville, OH)",2333,(216) 555-0100,http://www.wingtiptoys.com/Jeromesville,Suite 42,1876 Bhamidipati Crescent
568,"Wingtip Toys (Ovilla, TX)",2335,(210) 555-0100,http://www.wingtiptoys.com/Ovilla,Suite 158,519 Deslauriers Street
569,"Wingtip Toys (West Frostproof, FL)",2337,(239) 555-0100,http://www.wingtiptoys.com/WestFrostproof,Shop 39,692 Barney Lane
570,"Wingtip Toys (Flomaton, AL)",2339,(205) 555-0100,http://www.wingtiptoys.com/Flomaton,Suite 168,145 Weitzer Boulevard
571,"Wingtip Toys (Pawlet, VT)",2341,(802) 555-0100,http://www.wingtiptoys.com/Pawlet,Unit 55,279 Flamand Boulevard
572,"Wingtip Toys (Trout Run, PA)",2343,(215) 555-0100,http://www.wingtiptoys.com/TroutRun,Unit 190,787 Sarkar Street
573,"Wingtip Toys (Marin City, CA)",2345,(209) 555-0100,http://www.wingtiptoys.com/MarinCity,Unit 64,1320 Mittal Boulevard
574,"Wingtip Toys (Molalla, OR)",2347,(458) 555-0100,http://www.wingtiptoys.com/Molalla,Suite 207,550 Alexandrova Lane
575,"Wingtip Toys (Trumansburg, NY)",2349,(212) 555-0100,http://www.wingtiptoys.com/Trumansburg,Shop 227,178 Bhogireddy Boulevard
576,"Wingtip Toys (Goodings Grove, IL)",2351,(217) 555-0100,http://www.wingtiptoys.com/GoodingsGrove,Shop 156,1428 Mercier Avenue
577,"Wingtip Toys (Cherryplain, NY)",2353,(212) 555-0100,http://www.wingtiptoys.com/Cherryplain,Shop 170,1688 Madhunapantula Avenue
578,"Wingtip Toys (Bell Acres, PA)",2355,(215) 555-0100,http://www.wingtiptoys.com/BellAcres,Suite 8,1761 Nastase Avenue
579,"Wingtip Toys (Connoquenessing, PA)",2357,(215) 555-0100,http://www.wingtiptoys.com/Connoquenessing,Suite 199,854 Kotadia Crescent
580,"Wingtip Toys (Sarversville, PA)",2359,(215) 555-0100,http://www.wingtiptoys.com/Sarversville,Shop 55,64 Jaramillo Avenue
581,"Wingtip Toys (Munich, ND)",2361,(701) 555-0100,http://www.wingtiptoys.com/Munich,Shop 283,1167 Thota Street
582,"Wingtip Toys (Montoya, NM)",2363,(505) 555-0100,http://www.wingtiptoys.com/Montoya,Shop 299,780 Rusl Boulevard
583,"Wingtip Toys (Knights Landing, CA)",2365,(209) 555-0100,http://www.wingtiptoys.com/KnightsLanding,Suite 62,1404 Molnar Road
584,"Wingtip Toys (Cache, OK)",2367,(405) 555-0100,http://www.wingtiptoys.com/Cache,Unit 250,75 Min Road
585,"Wingtip Toys (Towaco, NJ)",2369,(201) 555-0100,http://www.wingtiptoys.com/Towaco,Unit 12,747 Acar Crescent
586,"Wingtip Toys (Lynne, FL)",2371,(239) 555-0100,http://www.wingtiptoys.com/Lynne,Shop 204,167 Kubatova Lane
587,"Wingtip Toys (Plata, TX)",2373,(210) 555-0100,http://www.wingtiptoys.com/Plata,Unit 167,904 Saucier Road
588,"Wingtip Toys (Oak Point, TX)",2375,(210) 555-0100,http://www.wingtiptoys.com/OakPoint,Unit 90,1648 Mitra Lane
589,"Wingtip Toys (Alcester, SD)",2377,(605) 555-0100,http://www.wingtiptoys.com/Alcester,Shop 273,631 Valbe Boulevard
590,"Wingtip Toys (McAdenville, NC)",2379,(252) 555-0100,http://www.wingtiptoys.com/McAdenville,Shop 214,1654 Duong Lane
591,"Wingtip Toys (Idaho City, ID)",2381,(208) 555-0100,http://www.wingtiptoys.com/IdahoCity,Shop 259,1817 Abola Lane
592,"Wingtip Toys (Dunkerton, IA)",2383,(319) 555-0100,http://www.wingtiptoys.com/Dunkerton,Suite 226,30 Mitra Street
593,"Wingtip Toys (Cuyamungue, NM)",2385,(505) 555-0100,http://www.wingtiptoys.com/Cuyamungue,Suite 51,1342 Gajula Boulevard
594,"Wingtip Toys (Marfa, TX)",2387,(210) 555-0100,http://www.wingtiptoys.com/Marfa,Shop 55,607 Szolosy Street
595,"Wingtip Toys (Accomac, VA)",2389,(276) 555-0100,http://www.wingtiptoys.com/Accomac,Shop 65,1268 Gonzales Road
596,"Wingtip Toys (Cos Cob, CT)",2391,(203) 555-0100,http://www.wingtiptoys.com/CosCob,Suite 283,1014 Wattanasin Avenue
597,"Wingtip Toys (Haycock, AK)",2393,(907) 555-0100,http://www.wingtiptoys.com/Haycock,Suite 183,796 Zvaigzne Boulevard
598,"Wingtip Toys (Kapa'a, HI)",2395,(808) 555-0100,http://www.wingtiptoys.com/Kapa'a,Unit 219,207 Negi Lane
599,"Wingtip Toys (Dickworsham, TX)",2397,(210) 555-0100,http://www.wingtiptoys.com/Dickworsham,Unit 210,811 Benjaree Road
600,"Wingtip Toys (Caro, MI)",2399,(231) 555-0100,http://www.wingtiptoys.com/Caro,Unit 159,489 Ganguly Road
601,"Wingtip Toys (Ruthsburg, MD)",2401,(240) 555-0100,http://www.wingtiptoys.com/Ruthsburg,Unit 123,688 senturk Crescent
801,Eric Torres,3001,(307) 555-0100,http://www.microsoft.com/EricTorres/,Unit 26,1772 Allu Street
802,Cosmina Vlad,3002,(505) 555-0100,http://www.microsoft.com/CosminaVlad/,Suite 9,908 Nadar Lane
803,Bala Dixit,3003,(209) 555-0100,http://www.microsoft.com/BalaDixit/,Unit 7,844 Magnusson Lane
804,Aleksandrs Riekstins,3004,(605) 555-0100,http://www.microsoft.com/AleksandrsRiekstins/,Shop 20,498 Bagheri Lane
805,Ratan Poddar,3005,(907) 555-0100,http://www.microsoft.com/RatanPoddar/,Shop 16,1071 Goransson Crescent
806,Shi Tu,3006,(307) 555-0100,http://www.microsoft.com/ShiTu/,Suite 13,808 Riutta Street
807,Gunnar Lohmus,3007,(201) 555-0100,http://www.microsoft.com/GunnarLohmus/,Shop 31,31 Bagchi Avenue
808,Jackson Kolios,3008,(209) 555-0100,http://www.microsoft.com/JacksonKolios/,Shop 21,1567 Couet Road
809,Madhu Dwivedi,3009,(802) 555-0100,http://www.microsoft.com/MadhuDwivedi/,Shop 5,1808 Sagese Crescent
810,Alena Kellnerova,3010,(303) 555-0100,http://www.microsoft.com/AlenaKellnerova/,Shop 29,101 Jonsson Lane
811,Surendra Sahu,3011,(210) 555-0100,http://www.microsoft.com/SurendraSahu/,Shop 2,1118 Hanak Lane
812,Celica Barajas,3012,(270) 555-0100,http://www.microsoft.com/CelicaBarajas/,Suite 24,1997 Purins Lane
813,Shyam Poddar,3013,(218) 555-0100,http://www.microsoft.com/ShyamPoddar/,Unit 19,130 Gallo Avenue
814,Johanna Hoornstra,3014,(210) 555-0100,http://www.microsoft.com/JohannaHoornstra/,Suite 13,285 Dupuy Street
815,Libuse Valentova,3015,(270) 555-0100,http://www.microsoft.com/LibuseValentova/,Unit 22,1354 Szolosy Crescent
816,Harsha Huq,3016,(314) 555-0100,http://www.microsoft.com/HarshaHuq/,Suite 13,868 Prikrylova Street
817,Agrita Kanepa,3017,(201) 555-0100,http://www.microsoft.com/AgritaKanepa/,Unit 7,1482 Ibrahimagic Street
818,Liia Orav,3018,(252) 555-0100,http://www.microsoft.com/LiiaOrav/,Unit 16,1077 Gunes Boulevard
819,Santiago Vera,3019,(304) 555-0100,http://www.microsoft.com/SantiagoVera/,Suite 17,1864 Havzija Crescent
820,Knut Svensson,3020,(201) 555-0100,http://www.microsoft.com/KnutSvensson/,Unit 30,305 Lepp Street
821,Kwanjai Saowaluk,3021,(787) 555-0100,http://www.microsoft.com/KwanjaiSaowaluk/,Shop 24,643 Logan Lane
822,Suparna Bhattacharya,3022,(314) 555-0100,http://www.microsoft.com/SuparnaBhattacharya/,Unit 30,680 Parkar Lane
823,Francisca Laureano,3023,(319) 555-0100,http://www.microsoft.com/FranciscaLaureano/,Unit 9,266 Shenoy Road
824,Risto Valbe,3024,(205) 555-0100,http://www.microsoft.com/RistoValbe/,Suite 22,530 Kellnerova Lane
825,Jayanta Thakur,3025,(276) 555-0100,http://www.microsoft.com/JayantaThakur/,Suite 17,279 Nakhtare Boulevard
826,Leila Carvalho,3026,(217) 555-0100,http://www.microsoft.com/LeilaCarvalho/,Suite 24,1051 Nutiu Road
827,Crina Grasu,3027,(308) 555-0100,http://www.microsoft.com/CrinaGrasu/,Shop 14,1538 Lampsa Road
828,Sercan Celik,3028,(217) 555-0100,http://www.microsoft.com/SercanCelik/,Shop 23,802 Mokkapati Road
829,Jack Walker,3029,(316) 555-0100,http://www.microsoft.com/JackWalker/,Shop 3,1188 Krastins Avenue
830,Jana Fialova,3030,(215) 555-0100,http://www.microsoft.com/JanaFialova/,Unit 20,1261 Lo Road
831,Bhaavan Rai,3031,(308) 555-0100,http://www.microsoft.com/BhaavanRai/,Shop 28,387 Heikkinen Boulevard
832,Aakriti Byrraju,3032,(216) 555-0100,http://www.microsoft.com/AakritiByrraju/,Suite 24,1345 Jun Avenue
833,Devraj Rao,3033,(385) 555-0100,http://www.microsoft.com/DevrajRao/,Unit 12,611 Shasthri Avenue
834,Cong Hoa,3034,(212) 555-0100,http://www.microsoft.com/CongHoa/,Unit 21,580 Poddar Lane
835,Dominic Davignon,3035,(209) 555-0100,http://www.microsoft.com/DominicDavignon/,Suite 16,1384 Dupuy Street
836,Abel Spirlea,3036,(218) 555-0100,http://www.microsoft.com/AbelSpirlea/,Unit 19,1446 Jelic Crescent
837,Anil Sarkar,3037,(215) 555-0100,http://www.microsoft.com/AnilSarkar/,Shop 3,747 Mihajlovik Boulevard
838,Pavel Bogdanov,3038,(339) 555-0100,http://www.microsoft.com/PavelBogdanov/,Unit 4,613 senturk Lane
839,Juan Morse,3039,(423) 555-0100,http://www.microsoft.com/JuanMorse/,Suite 13,51 Nechita Crescent
840,Rodrigo Figueiredo,3040,(803) 555-0100,http://www.microsoft.com/RodrigoFigueiredo/,Unit 23,1155 Kanepa Road
841,Camille Authier,3041,(252) 555-0100,http://www.microsoft.com/CamilleAuthier/,Shop 10,516 Bojin Road
842,Biju Deb,3042,(218) 555-0100,http://www.microsoft.com/BijuDeb/,Suite 20,1104 Podnieks Road
843,Marija Justina Pasek,3043,(215) 555-0100,http://www.microsoft.com/MarijaJustinaPasek/,Unit 23,360 Formanek Crescent
844,Durdanah Abbasi,3044,(201) 555-0100,http://www.microsoft.com/DurdanahAbbasi/,Shop 26,1489 Shetty Crescent
845,Emilie Hrdlickova,3045,(803) 555-0100,http://www.microsoft.com/EmilieHrdlickova/,Unit 27,1873 Dewangan Avenue
846,Malorie Bousquet,3046,(209) 555-0100,http://www.microsoft.com/MalorieBousquet/,Suite 16,852 Ribeiro Avenue
847,Kristiina Ivanov,3047,(605) 555-0100,http://www.microsoft.com/KristiinaIvanov/,Unit 6,1505 Stojkovic Street
848,Alvin Bollinger,3048,(270) 555-0100,http://www.microsoft.com/AlvinBollinger/,Suite 31,1091 KlanCisar Crescent
849,Sabine Zalite,3049,(210) 555-0100,http://www.microsoft.com/SabineZalite/,Shop 11,1924 Shim Avenue
850,Daakshaayaani Sankaramanchi,3050,(319) 555-0100,http://www.microsoft.com/DaakshaayaaniSankaramanchi/,Unit 12,1529 Gupta Lane
851,Ebru Erdogan,3051,(405) 555-0100,http://www.microsoft.com/EbruErdogan/,Shop 18,1528 Dikshit Crescent
852,Bhagavaan Atluri,3052,(229) 555-0100,http://www.microsoft.com/BhagavaanAtluri/,Suite 16,1382 Wintle Road
853,Caterina Pinto,3053,(907) 555-0100,http://www.microsoft.com/CaterinaPinto/,Suite 13,1278 Lam Street
854,Daakshaayaani Kommineni,3054,(239) 555-0100,http://www.microsoft.com/DaakshaayaaniKommineni/,Unit 14,987 Nadar Boulevard
855,Anna Mazzanti,3055,(314) 555-0100,http://www.microsoft.com/AnnaMazzanti/,Shop 31,1552 Johansson Lane
856,Satish Mittal,3056,(215) 555-0100,http://www.microsoft.com/SatishMittal/,Shop 13,972 Vassiljev Street
857,Clarissa Manfrin,3057,(210) 555-0100,http://www.microsoft.com/ClarissaManfrin/,Shop 17,298 Benipal Road
858,Bimla PrabhupÄda,3058,(209) 555-0100,http://www.microsoft.com/BimlaPrabhupÄda/,Shop 7,138 Jandhyala Lane
859,Shah Alizadeh,3059,(304) 555-0100,http://www.microsoft.com/ShahAlizadeh/,Shop 4,551 Linna Street
860,Marcela Lucescu,3060,(231) 555-0100,http://www.microsoft.com/MarcelaLucescu/,Unit 5,201 Glissen Lane
861,Amarasimha Vinjamuri,3061,(339) 555-0100,http://www.microsoft.com/AmarasimhaVinjamuri/,Shop 5,1078 Hosseini Boulevard
862,Lana Goransson,3062,(212) 555-0100,http://www.microsoft.com/LanaGoransson/,Suite 27,1818 Buecek Boulevard
863,Jakub Lukes,3063,(212) 555-0100,http://www.microsoft.com/JakubLukes/,Shop 9,1501 Tuntayakul Crescent
864,Mikhail Degtyarev,3064,(218) 555-0100,http://www.microsoft.com/MikhailDegtyarev/,Unit 3,411 Ganguly Lane
865,Bijoya Thakur,3065,(225) 555-0100,http://www.microsoft.com/BijoyaThakur/,Unit 17,1509 Dzene Avenue
866,Jay Bhuiyan,3066,(215) 555-0100,http://www.microsoft.com/JayBhuiyan/,Suite 22,130 Seleznyov Street
867,Jasna Cerkez,3067,(304) 555-0100,http://www.microsoft.com/JasnaCerkez/,Unit 11,1004 Mukherjee Street
868,Laura Sykorova,3068,(316) 555-0100,http://www.microsoft.com/LauraSykorova/,Shop 2,1225 Gormanston Boulevard
869,Abel Tatarescu,3069,(217) 555-0100,http://www.microsoft.com/AbelTatarescu/,Suite 6,1432 Alksne Road
870,In-Su Bae,3070,(206) 555-0100,http://www.microsoft.com/In-SuBae/,Shop 10,353 Gomes Avenue
871,Darshana Madhunapantula,3071,(240) 555-0100,http://www.microsoft.com/DarshanaMadhunapantula/,Shop 6,374 Cheema Street
872,Katerina Hadrabova,3072,(219) 555-0100,http://www.microsoft.com/KaterinaHadrabova/,Shop 14,1783 ozkan Boulevard
873,Hana Hlouskova,3073,(505) 555-0100,http://www.microsoft.com/HanaHlouskova/,Suite 10,1826 Semjonov Boulevard
874,Daniel Martensson,3074,(225) 555-0100,http://www.microsoft.com/DanielMartensson/,Shop 21,622 Pavel Boulevard
875,Philip Walker,3075,(216) 555-0100,http://www.microsoft.com/PhilipWalker/,Suite 12,1555 Penttila Road
876,Marie LeBatelier,3076,(210) 555-0100,http://www.microsoft.com/MarieLeBatelier/,Unit 19,1178 Persson Boulevard
877,Leyla Siavashi,3077,(201) 555-0100,http://www.microsoft.com/LeylaSiavashi/,Suite 14,1187 L'Angelier Road
878,Miriam House,3078,(701) 555-0100,http://www.microsoft.com/MiriamHouse/,Shop 18,604 Klaus Street
879,Jitka Necesana,3079,(212) 555-0100,http://www.microsoft.com/JitkaNecesana/,Suite 10,1511 Ilic Boulevard
880,Edmee Glissen,3080,(208) 555-0100,http://www.microsoft.com/EdmeeGlissen/,Shop 9,1092 Pavlovic Lane
881,Magdalena Michnova,3081,(907) 555-0100,http://www.microsoft.com/MagdalenaMichnova/,Unit 13,464 Mutlu Lane
882,Maryann Huddleston,3082,(304) 555-0100,http://www.microsoft.com/MaryannHuddleston/,Unit 9,1722 Dixit Road
883,Radha Barua,3083,(405) 555-0100,http://www.microsoft.com/RadhaBarua/,Unit 7,1949 Kotadia Road
884,Anindya Ghatak,3084,(219) 555-0100,http://www.microsoft.com/AnindyaGhatak/,Unit 17,1957 Nantakarn Avenue
885,Chandrashekhar Dasgupta,3085,(208) 555-0100,http://www.microsoft.com/ChandrashekharDasgupta/,Suite 8,1375 Rusl Boulevard
886,Debbie Molina,3086,(270) 555-0100,http://www.microsoft.com/DebbieMolina/,Suite 28,508 De Avenue
887,Baran Jonsson,3087,(458) 555-0100,http://www.microsoft.com/BaranJonsson/,Shop 9,1349 Lukstina Road
888,Jai Lamble,3088,(479) 555-0100,http://www.microsoft.com/JaiLamble/,Suite 3,1957 Pena Lane
889,Sointu Savonheimo,3089,(701) 555-0100,http://www.microsoft.com/SointuSavonheimo/,Suite 9,1606 Lill Avenue
890,Olya Izmaylov,3090,(210) 555-0100,http://www.microsoft.com/OlyaIzmaylov/,Suite 4,1129 Hulsegge Boulevard
891,Taneli Riutta,3091,(276) 555-0100,http://www.microsoft.com/TaneliRiutta/,Unit 21,22 Thakur Boulevard
892,Bahaar Asef zade,3092,(225) 555-0100,http://www.microsoft.com/BahaarAsefzade/,Shop 30,1759 Srbova Crescent
893,Leyla Asef zade,3093,(216) 555-0100,http://www.microsoft.com/LeylaAsefzade/,Suite 12,11 Mihajlovik Crescent
894,Gabriela Hernandes,3094,(239) 555-0100,http://www.microsoft.com/GabrielaHernandes/,Suite 31,632 Sokk Lane
895,Geza Roman,3095,(215) 555-0100,http://www.microsoft.com/GezaRoman/,Suite 24,368 Tatarescu Street
896,Leonardo Folliero,3096,(339) 555-0100,http://www.microsoft.com/LeonardoFolliero/,Unit 22,349 Berggren Street
897,Allan Mannik,3097,(218) 555-0100,http://www.microsoft.com/AllanMannik/,Shop 26,791 Lill Lane
898,Gopalgobinda Sikdar,3098,(307) 555-0100,http://www.microsoft.com/GopalgobindaSikdar/,Shop 17,1928 Kask Crescent
899,Chin-Sun Chang,3099,(605) 555-0100,http://www.microsoft.com/Chin-SunChang/,Suite 2,1417 Mercier Boulevard
900,Lilli Sokk,3100,(229) 555-0100,http://www.microsoft.com/LilliSokk/,Suite 24,793 Thai Boulevard
901,Adrian Andreasson,3101,(217) 555-0100,http://www.microsoft.com/AdrianAndreasson/,Unit 21,837 Walker Road
902,Kamila Michnova,3102,(210) 555-0100,http://www.microsoft.com/KamilaMichnova/,Unit 19,729 Van Lier Street
903,Bing Han,3103,(228) 555-0100,http://www.microsoft.com/BingHan/,Unit 29,1170 Nguyen Avenue
904,Olafs Rozitis,3104,(316) 555-0100,http://www.microsoft.com/OlafsRozitis/,Unit 2,1114 Nakhtare Crescent
905,Sara Huiting,3105,(218) 555-0100,http://www.microsoft.com/SaraHuiting/,Shop 30,1476 Poddar Lane
906,Ajitaab Pakalapati,3106,(209) 555-0100,http://www.microsoft.com/AjitaabPakalapati/,Shop 11,1892 Clark Avenue
907,Eugen Agafitei,3107,(252) 555-0100,http://www.microsoft.com/EugenAgafitei/,Suite 5,1627 Jakobsson Lane
908,Sumati Bhat,3108,(206) 555-0100,http://www.microsoft.com/SumatiBhat/,Shop 13,885 Das Street
909,Dena Glissen,3109,(316) 555-0100,http://www.microsoft.com/DenaGlissen/,Unit 13,1331 Sen Street
910,Elina Kaleja,3110,(225) 555-0100,http://www.microsoft.com/ElinaKaleja/,Unit 18,469 Valbe Road
911,Liidia Lepp,3111,(276) 555-0100,http://www.microsoft.com/LiidiaLepp/,Suite 7,824 Omelkova Street
912,Volkan senturk,3112,(276) 555-0100,http://www.microsoft.com/Volkansenturk/,Suite 27,283 Berzins Avenue
913,Violetta KlanCisar,3113,(225) 555-0100,http://www.microsoft.com/ViolettaKlanCisar/,Shop 25,130 Molnar Avenue
914,Chandana Shasthri,3114,(803) 555-0100,http://www.microsoft.com/ChandanaShasthri/,Unit 8,813 Seleznyov Avenue
915,Ana Florea,3115,(210) 555-0100,http://www.microsoft.com/AnaFlorea/,Shop 3,1898 Pokorna Boulevard
916,Pinja Jantunen,3116,(308) 555-0100,http://www.microsoft.com/PinjaJantunen/,Shop 26,660 Mottola Avenue
917,Pari Hosseini,3117,(505) 555-0100,http://www.microsoft.com/PariHosseini/,Unit 24,1164 Samaniego Avenue
918,Isidora Morales,3118,(406) 555-0100,http://www.microsoft.com/IsidoraMorales/,Shop 12,1633 Kanaparthi Lane
919,Kertu Sokk,3119,(212) 555-0100,http://www.microsoft.com/KertuSokk/,Shop 11,965 Horackova Lane
920,Gayatri Gajula,3120,(212) 555-0100,http://www.microsoft.com/GayatriGajula/,Unit 19,1281 Lo Duca Avenue
921,Victoria Lacusta,3121,(212) 555-0100,http://www.microsoft.com/VictoriaLacusta/,Suite 12,415 Omidzadeh Road
922,Sumati Chatterjee,3122,(231) 555-0100,http://www.microsoft.com/SumatiChatterjee/,Unit 10,1643 Mitra Avenue
923,Tai Bach,3123,(219) 555-0100,http://www.microsoft.com/TaiBach/,Suite 14,1831 Vulpes Crescent
924,Eva Schulteisz,3124,(252) 555-0100,http://www.microsoft.com/EvaSchulteisz/,Shop 11,1783 Escobar Crescent
925,Can ozcan,3125,(215) 555-0100,http://www.microsoft.com/Canozcan/,Suite 10,618 Cervenkova Boulevard
926,Richard Friar,3126,(339) 555-0100,http://www.microsoft.com/RichardFriar/,Shop 21,80 Gupta Avenue
927,Matyas Sedlar,3127,(270) 555-0100,http://www.microsoft.com/MatyasSedlar/,Shop 31,603 Nechita Road
928,Arijit Bhuiyan,3128,(212) 555-0100,http://www.microsoft.com/ArijitBhuiyan/,Shop 15,1758 Naicker Boulevard
929,Vladimir Henzl,3129,(907) 555-0100,http://www.microsoft.com/VladimirHenzl/,Shop 15,250 Torres Road
930,Shantanu Huq,3130,(252) 555-0100,http://www.microsoft.com/ShantanuHuq/,Shop 27,1274 Lundin Street
931,Nada Jovanovic,3131,(215) 555-0100,http://www.microsoft.com/NadaJovanovic/,Shop 19,926 Shakiba Crescent
932,Nicolo Cattaneo,3132,(212) 555-0100,http://www.microsoft.com/NicoloCattaneo/,Unit 22,1126 Chakraborty Crescent
933,Joel Carrillo,3133,(405) 555-0100,http://www.microsoft.com/JoelCarrillo/,Unit 18,227 Paruchuri Boulevard
934,Ivan Sepulveda,3134,(218) 555-0100,http://www.microsoft.com/IvanSepulveda/,Shop 7,548 Bures Crescent
935,Daevasree Samavedam,3135,(201) 555-0100,http://www.microsoft.com/DaevasreeSamavedam/,Suite 25,1690 Poddar Avenue
936,Ludmila Smidova,3136,(480) 555-0100,http://www.microsoft.com/LudmilaSmidova/,Unit 31,413 Wattanasin Boulevard
937,Manca Hrastovsek,3137,(205) 555-0100,http://www.microsoft.com/MancaHrastovsek/,Unit 15,685 Pavel Road
938,Anna Gyarmathi,3138,(252) 555-0100,http://www.microsoft.com/AnnaGyarmathi/,Suite 15,809 Alva Boulevard
939,Ioana Florea,3139,(339) 555-0100,http://www.microsoft.com/IoanaFlorea/,Suite 28,999 Dumina Avenue
940,Lorin Astrom,3140,(210) 555-0100,http://www.microsoft.com/LorinAstrom/,Shop 19,487 PrabhupÄda Lane
941,Bishwa Chatterjee,3141,(239) 555-0100,http://www.microsoft.com/BishwaChatterjee/,Unit 17,1466 Deilami Road
942,Chaayaadaevi Sonti,3142,(217) 555-0100,http://www.microsoft.com/ChaayaadaeviSonti/,Suite 13,701 Sedlar Boulevard
943,Drazenka Jelic,3143,(803) 555-0100,http://www.microsoft.com/DrazenkaJelic/,Unit 23,1577 Lam Lane
944,Ida Celma,3144,(319) 555-0100,http://www.microsoft.com/IdaCelma/,Suite 28,893 Habibi Lane
945,Hoc Tran,3145,(339) 555-0100,http://www.microsoft.com/HocTran/,Shop 19,1634 Sen Street
946,David safranek,3146,(215) 555-0100,http://www.microsoft.com/Davidsafranek/,Shop 7,974 Mazzanti Avenue
947,Svetlana Todorovic,3147,(206) 555-0100,http://www.microsoft.com/SvetlanaTodorovic/,Suite 14,731 Szolosy Crescent
948,Richard Zahradnicek,3148,(314) 555-0100,http://www.microsoft.com/RichardZahradnicek/,Shop 7,401 Bhowmick Avenue
949,Seo-yun Paik,3149,(210) 555-0100,http://www.microsoft.com/Seo-yunPaik/,Suite 7,493 Bjorklund Road
950,Emily Whittle,3150,(231) 555-0100,http://www.microsoft.com/EmilyWhittle/,Unit 6,1108 Enestam Crescent
951,Eliza Persson,3151,(209) 555-0100,http://www.microsoft.com/ElizaPersson/,Unit 16,1520 Auzina Lane
952,Chuan Wattanasin,3152,(217) 555-0100,http://www.microsoft.com/ChuanWattanasin/,Suite 8,1774 Yadav Crescent
953,Linh Dao,3153,(228) 555-0100,http://www.microsoft.com/LinhDao/,Shop 4,1407 Kommineni Street
954,Nasrin Omidzadeh,3154,(239) 555-0100,http://www.microsoft.com/NasrinOmidzadeh/,Suite 12,588 Cirulis Lane
955,Raghu Sandhu,3155,(240) 555-0100,http://www.microsoft.com/RaghuSandhu/,Suite 22,459 Popov Lane
956,Nhung Thach,3156,(480) 555-0100,http://www.microsoft.com/NhungThach/,Suite 4,198 Benjaree Road
957,Hee-Young Suh,3157,(209) 555-0100,http://www.microsoft.com/Hee-YoungSuh/,Suite 23,617 Polaskova Boulevard
958,Valentin Tirlea,3158,(210) 555-0100,http://www.microsoft.com/ValentinTirlea/,Suite 23,1356 Dao Avenue
959,Dhaatri Chavva,3159,(207) 555-0100,http://www.microsoft.com/DhaatriChavva/,Suite 4,438 Desforges Road
960,Edgar Jogi,3160,(209) 555-0100,http://www.microsoft.com/EdgarJogi/,Shop 6,1317 Desforges Street
961,Rani Ganguly,3161,(209) 555-0100,http://www.microsoft.com/RaniGanguly/,Unit 23,1552 Srbova Road
962,Bhagavati Vinjamuri,3162,(319) 555-0100,http://www.microsoft.com/BhagavatiVinjamuri/,Suite 22,1774 Bohuslav Boulevard
963,Be Trang,3163,(405) 555-0100,http://www.microsoft.com/BeTrang/,Unit 26,33 Rezaei Boulevard
964,Ingrida Zeltina,3164,(239) 555-0100,http://www.microsoft.com/IngridaZeltina/,Suite 24,1300 Sonkar Road
965,Phoung Cu,3165,(208) 555-0100,http://www.microsoft.com/PhoungCu/,Shop 10,1380 Kalnina Crescent
966,Sara Walkky,3166,(303) 555-0100,http://www.microsoft.com/SaraWalkky/,Shop 29,934 Borgen Street
967,Meera Patel,3167,(217) 555-0100,http://www.microsoft.com/MeeraPatel/,Shop 9,1034 Kellnerova Boulevard
968,Anca Gogean,3168,(209) 555-0100,http://www.microsoft.com/AncaGogean/,Shop 14,198 Brasseur Avenue
969,Staffan Persson,3169,(314) 555-0100,http://www.microsoft.com/StaffanPersson/,Suite 8,1532 Dewangan Street
970,Isidora Urias,3170,(239) 555-0100,http://www.microsoft.com/IsidoraUrias/,Suite 16,900 Cu Avenue
971,Dhanishta Mokkapati,3171,(907) 555-0100,http://www.microsoft.com/DhanishtaMokkapati/,Shop 23,1827 Kustrin Boulevard
972,Lakshmi Benipal,3172,(209) 555-0100,http://www.microsoft.com/LakshmiBenipal/,Suite 23,1017 Juniskyzy Boulevard
973,Kumar Kamei,3173,(304) 555-0100,http://www.microsoft.com/KumarKamei/,Suite 25,1742 Valbe Avenue
974,Emil Roman,3174,(210) 555-0100,http://www.microsoft.com/EmilRoman/,Suite 13,1301 Bhutia Street
975,Prabodh Nair,3175,(605) 555-0100,http://www.microsoft.com/PrabodhNair/,Suite 30,1977 Du Road
976,Alinne Matos,3176,(229) 555-0100,http://www.microsoft.com/AlinneMatos/,Suite 6,244 Lieu Crescent
977,Mauno Laurila,3177,(216) 555-0100,http://www.microsoft.com/MaunoLaurila/,Suite 2,1906 Shenoy Lane
978,Baalaamjali Devulapalli,3178,(505) 555-0100,http://www.microsoft.com/BaalaamjaliDevulapalli/,Shop 14,1123 Thakur Road
979,Melani Ravlen,3179,(405) 555-0100,http://www.microsoft.com/MelaniRavlen/,Unit 7,340 Lucchesi Street
980,Om Yadav,3180,(262) 555-0100,http://www.microsoft.com/OmYadav/,Shop 13,419 Brkic Crescent
981,Mahmut ozbek,3181,(339) 555-0100,http://www.microsoft.com/Mahmutozbek/,Unit 5,662 Ornlamai Boulevard
982,Yves Belisle,3182,(480) 555-0100,http://www.microsoft.com/YvesBelisle/,Unit 22,1530 Ngo Boulevard
983,Sabine Alksne,3183,(479) 555-0100,http://www.microsoft.com/SabineAlksne/,Unit 27,767 Jun Avenue
984,Kamala Nishad,3184,(201) 555-0100,http://www.microsoft.com/KamalaNishad/,Suite 5,1233 Jantunen Street
985,Roko Ilic,3185,(262) 555-0100,http://www.microsoft.com/RokoIlic/,Unit 17,1653 Huq Crescent
986,Neil Farrelly,3186,(215) 555-0100,http://www.microsoft.com/NeilFarrelly/,Suite 17,730 Gungor Boulevard
987,Akhil Nadar,3187,(479) 555-0100,http://www.microsoft.com/AkhilNadar/,Shop 6,372 Ghatak Crescent
988,Maksims Krastins,3188,(304) 555-0100,http://www.microsoft.com/MaksimsKrastins/,Shop 23,292 Desai Boulevard
989,Milinka Zujovic,3189,(316) 555-0100,http://www.microsoft.com/MilinkaZujovic/,Shop 13,1941 Piili Lane
990,Andris Saulitis,3190,(210) 555-0100,http://www.microsoft.com/AndrisSaulitis/,Unit 28,370 Rallapalli Street
991,Valter Viiding,3191,(216) 555-0100,http://www.microsoft.com/ValterViiding/,Suite 10,129 Jo Road
992,Amarakumaar Gadiyaram,3192,(303) 555-0100,http://www.microsoft.com/AmarakumaarGadiyaram/,Shop 10,1575 Bhattacharya Lane
993,Gasper Havzija,3193,(314) 555-0100,http://www.microsoft.com/GasperHavzija/,Suite 31,978 Saowaluk Crescent
994,Libuse Kuchtova,3194,(210) 555-0100,http://www.microsoft.com/LibuseKuchtova/,Unit 31,364 Thai Lane
995,Kumar Naicker,3195,(262) 555-0100,http://www.microsoft.com/KumarNaicker/,Suite 11,1012 Sidhu Street
996,Laszlo Gardenier,3196,(215) 555-0100,http://www.microsoft.com/LaszloGardenier/,Unit 6,1739 Matos Lane
997,Nada Ana Slosar,3197,(239) 555-0100,http://www.microsoft.com/NadaAnaSlosar/,Unit 7,1746 Das Avenue
998,Mahavir Sonkar,3198,(505) 555-0100,http://www.microsoft.com/MahavirSonkar/,Unit 7,732 Petrov Avenue
999,Kristi Part,3199,(702) 555-0100,http://www.microsoft.com/KristiPart/,Unit 26,348 Putkonen Avenue
1000,Krishnam Allu,3200,(405) 555-0100,http://www.microsoft.com/KrishnamAllu/,Unit 20,1253 Rahimi Lane
1001,Dinh Mai,3201,(210) 555-0100,http://www.microsoft.com/,Suite 22,1787 Hele Avenue
1002,Stefan Selezeanu,3202,(212) 555-0100,http://www.microsoft.com/,Unit 2,1683 Zala Avenue
1003,Hue Ton,3203,(252) 555-0100,http://www.microsoft.com/,Unit 17,1634 Eugen Lane
1004,Drishti Bose,3204,(479) 555-0100,http://www.microsoft.com/,Shop 12,262 Seo-yun Boulevard
1005,Bhadram Kamasamudram,3205,(802) 555-0100,http://www.microsoft.com/,Shop 3,94 Selma Road
1006,Taj Syme,3206,(216) 555-0100,http://www.microsoft.com/,Unit 27,1864 Rohan Road
1007,Irma Berzina,3207,(458) 555-0100,http://www.microsoft.com/,Suite 29,932 Deeptendu Crescent
1008,Vedrana Kovacevic,3208,(479) 555-0100,http://www.microsoft.com/,Shop 31,1195 Sophia Crescent
1009,Bhagavateeprasaad Malladi,3209,(479) 555-0100,http://www.microsoft.com/,Shop 18,1386 Elnaz Avenue
1010,Serdar ozCelik,3210,(210) 555-0100,http://www.microsoft.com/,Unit 2,473 Mani Avenue
1011,Rajeev Sandhu,3211,(458) 555-0100,http://www.microsoft.com/,Shop 9,1768 Suniti Road
1012,Urve Kasesalu,3212,(319) 555-0100,http://www.microsoft.com/,Unit 17,987 Amarendra Road
1013,Annette  Hetu,3213,(405) 555-0100,http://www.microsoft.com/,Unit 30,1595 Anima Avenue
1014,Narendra Tickoo,3214,(803) 555-0100,http://www.microsoft.com/,Shop 13,1608 Volkan Boulevard
1015,Isa Hulsegge,3215,(252) 555-0100,http://www.microsoft.com/,Suite 11,599 Margherita Boulevard
1016,Aive Petrov,3216,(316) 555-0100,http://www.microsoft.com/,Unit 26,1377 Marten Street
1017,David Novacek ,3217,(423) 555-0100,http://www.microsoft.com/,Shop 10,588 Danielle  Lane
1018,Nils Kaulins,3218,(406) 555-0100,http://www.microsoft.com/,Unit 13,432 Ebru Road
1019,Dhanishta Pullela,3219,(304) 555-0100,http://www.microsoft.com/,Suite 6,304 Olly Lane
1020,Hai Banh,3220,(252) 555-0100,http://www.microsoft.com/,Shop 24,1983 Chandrakanta Street
1021,Fabrice Cloutier,3221,(252) 555-0100,http://www.microsoft.com/,Suite 14,667 Sandhya Lane
1022,Nadir Seddigh,3222,(907) 555-0100,http://www.microsoft.com/,Shop 30,283 Panit Road
1023,Farzana Habibi,3223,(219) 555-0100,http://www.microsoft.com/,Suite 12,430 Mina Street
1024,Arka Chatterjee,3224,(303) 555-0100,http://www.microsoft.com/,Unit 13,1644 Archer Lane
1025,Tuulikki Linna,3225,(217) 555-0100,http://www.microsoft.com/,Suite 20,25 Darakhshan Road
1026,Daniella Cavalcante,3226,(405) 555-0100,http://www.microsoft.com/,Shop 22,854 Chin-Sun Street
1027,Serdar ozden,3227,(319) 555-0100,http://www.microsoft.com/,Shop 16,1045 Margherita Lane
1028,Emma Van Zant,3228,(303) 555-0100,http://www.microsoft.com/,Shop 21,1197 Uma Road
1029,Veronika Necesana,3229,(218) 555-0100,http://www.microsoft.com/,Shop 10,767 Gopalgobinda Crescent
1030,Chompoo Atitarn,3230,(603) 555-0100,http://www.microsoft.com/,Unit 16,1605 Anuj Avenue
1031,Dipti Shah,3231,(216) 555-0100,http://www.microsoft.com/,Unit 3,381 Hai Crescent
1032,Som Mukherjee,3232,(385) 555-0100,http://www.microsoft.com/,Suite 13,263 Meredith Crescent
1033,Cuneyt Arslan,3233,(405) 555-0100,http://www.microsoft.com/,Unit 15,1400 Johanna Street
1034,Aishwarya Dantuluri,3234,(209) 555-0100,http://www.microsoft.com/,Suite 13,1167 Femke Lane
1035,Manjunatha Karnik,3235,(405) 555-0100,http://www.microsoft.com/,Suite 8,1768 Kwanjai Crescent
1036,Erik Malk,3236,(406) 555-0100,http://www.microsoft.com/,Suite 18,923 Gilbert Avenue
1037,David Jaramillo,3237,(803) 555-0100,http://www.microsoft.com/,Shop 12,1951 Victoria Avenue
1038,Damodara Trivedi,3238,(210) 555-0100,http://www.microsoft.com/,Shop 23,682 Shantanu Boulevard
1039,Bhaamini Palagummi,3239,(212) 555-0100,http://www.microsoft.com/,Unit 29,1035 Clarissa Avenue
1040,Damodar Shenoy,3240,(229) 555-0100,http://www.microsoft.com/,Suite 7,1337 Koknesis Avenue
1041,Tomo Vidovic,3241,(207) 555-0100,http://www.microsoft.com/,Shop 14,296 Anima Boulevard
1042,Nguyen Banh,3242,(239) 555-0100,http://www.microsoft.com/,Unit 7,1885 William Boulevard
1043,Raj Verma,3243,(203) 555-0100,http://www.microsoft.com/,Shop 9,678 Sang Crescent
1044,Hanita Nookala,3244,(225) 555-0100,http://www.microsoft.com/,Shop 27,835 Kamala Lane
1045,Matteo Cattaneo,3245,(229) 555-0100,http://www.microsoft.com/,Shop 2,1319 Kristiina Lane
1046,Christian Couet,3246,(212) 555-0100,http://www.microsoft.com/,Unit 29,315 Caterina Lane
1047,Ivana Hadrabova,3247,(603) 555-0100,http://www.microsoft.com/,Shop 12,849 Kristophe  Street
1048,Abhra Ganguly,3248,(212) 555-0100,http://www.microsoft.com/,Unit 31,1841 Marcello Crescent
1049,Amet Shergill,3249,(303) 555-0100,http://www.microsoft.com/,Suite 19,1527 Milada Lane
1050,Amrita Ganguly,3250,(787) 555-0100,http://www.microsoft.com/,Suite 5,1064 Eugen Lane
1051,Sylvie Laramee,3251,(787) 555-0100,http://www.microsoft.com/,Shop 16,1279 Annette Crescent
1052,Ian Olofsson,3252,(339) 555-0100,http://www.microsoft.com/,Suite 24,1327 Donald Street
1053,Luis Saucedo,3253,(210) 555-0100,http://www.microsoft.com/,Suite 23,117 Bhaagyalakshmi Road
1054,Emma Salpa,3254,(205) 555-0100,http://www.microsoft.com/,Suite 4,105 Jitka Street
1055,Adriana Pena,3255,(252) 555-0100,http://www.microsoft.com/,Shop 17,121 Valentina Road
1056,Kalyani Benjaree,3256,(212) 555-0100,http://www.microsoft.com/,Shop 20,429 Viljo Lane
1057,Ganesh Majumdar,3257,(217) 555-0100,http://www.microsoft.com/,Shop 25,162 Stern Crescent
1058,Jaroslav Fisar,3258,(215) 555-0100,http://www.microsoft.com/,Suite 30,1999 Ethan Road
1059,Jibek Juniskyzy,3259,(217) 555-0100,http://www.microsoft.com/,Shop 23,80 Hudson Boulevard
1060,Anand Mudaliyar,3260,(206) 555-0100,http://www.microsoft.com/,Shop 10,1235 Lana Lane
1061,Agrita Abele,3261,(206) 555-0100,http://www.microsoft.com/,Shop 12,652 Victoria Lane
